ISO-10303-21;
HEADER;
/* Generated by software containing ST-Developer
 * from STEP Tools, Inc. (www.steptools.com) 
 */

FILE_DESCRIPTION(
/* description */ ('STEP AP214'),
/* implementation_level */ '2;1');

FILE_NAME(
/* name */ 'M4P_M1Pro_Mounting bracket.step',
/* time_stamp */ '2026-05-28T09:10:02-07:00',
/* author */ (''),
/* organization */ (''),
/* preprocessor_version */ 'ST-DEVELOPER v20.1',
/* originating_system */ 'Autodesk Translation Framework v15.8.0.0',
/* authorisation */ '');

FILE_SCHEMA (('AUTOMOTIVE_DESIGN { 1 0 10303 214 3 1 1 }'));
ENDSEC;

DATA;
#10=MECHANICAL_DESIGN_GEOMETRIC_PRESENTATION_REPRESENTATION('',(#13),#2455);
#11=SHAPE_REPRESENTATION_RELATIONSHIP('SRR','None',#2461,#12);
#12=ADVANCED_BREP_SHAPE_REPRESENTATION('',(#14),#2454);
#13=STYLED_ITEM('',(#2471),#14);
#14=MANIFOLD_SOLID_BREP('Body1',#855);
#15=(
BOUNDED_SURFACE()
B_SPLINE_SURFACE(5,1,((#1699,#1700),(#1701,#1702),(#1703,#1704),(#1705,
#1706),(#1707,#1708),(#1709,#1710),(#1711,#1712),(#1713,#1714),(#1715,#1716),
(#1717,#1718),(#1719,#1720),(#1721,#1722),(#1723,#1724),(#1725,#1726),(#1727,
#1728),(#1729,#1730),(#1731,#1732),(#1733,#1734),(#1735,#1736),(#1737,#1738),
(#1739,#1740),(#1741,#1742),(#1743,#1744),(#1745,#1746),(#1747,#1748),(#1749,
#1750),(#1751,#1752),(#1753,#1754),(#1755,#1756),(#1757,#1758)),
 .UNSPECIFIED.,.T.,.F.,.F.)
B_SPLINE_SURFACE_WITH_KNOTS((6,1,1,1,1,1,1,1,1,1,1,1,1,1,1,1,1,1,1,1,1,
1,1,1,1,6),(2,2),(0.,0.04,0.08,0.12,0.16,0.2,0.24,0.28,0.32,0.36,0.4,0.44,
0.48,0.52,0.56,0.6,0.64,0.68,0.72,0.76,0.8,0.84,0.88,0.92,0.96,1.),(0.,
2.5),.UNSPECIFIED.)
GEOMETRIC_REPRESENTATION_ITEM()
RATIONAL_B_SPLINE_SURFACE(((1.,1.),(1.,1.),(1.,1.),(1.,1.),(1.,1.),(1.,
1.),(1.,1.),(1.,1.),(1.,1.),(1.,1.),(1.,1.),(1.,1.),(1.,1.),(1.,1.),(1.,
1.),(1.,1.),(1.,1.),(1.,1.),(1.,1.),(1.,1.),(1.,1.),(1.,1.),(1.,1.),(1.,
1.),(1.,1.),(1.,1.),(1.,1.),(1.,1.),(1.,1.),(1.,1.)))
REPRESENTATION_ITEM('')
SURFACE()
);
#16=(
BOUNDED_SURFACE()
B_SPLINE_SURFACE(5,1,((#2273,#2274),(#2275,#2276),(#2277,#2278),(#2279,
#2280),(#2281,#2282),(#2283,#2284),(#2285,#2286),(#2287,#2288),(#2289,#2290),
(#2291,#2292),(#2293,#2294),(#2295,#2296),(#2297,#2298),(#2299,#2300),(#2301,
#2302),(#2303,#2304),(#2305,#2306),(#2307,#2308),(#2309,#2310),(#2311,#2312),
(#2313,#2314),(#2315,#2316),(#2317,#2318),(#2319,#2320),(#2321,#2322),(#2323,
#2324),(#2325,#2326),(#2327,#2328),(#2329,#2330),(#2331,#2332),(#2333,#2334),
(#2335,#2336),(#2337,#2338),(#2339,#2340),(#2341,#2342),(#2343,#2344),(#2345,
#2346),(#2347,#2348),(#2349,#2350),(#2351,#2352)),.UNSPECIFIED.,.T.,.F.,
 .F.)
B_SPLINE_SURFACE_WITH_KNOTS((6,1,1,1,1,1,1,1,1,1,1,1,1,1,1,1,1,1,1,1,1,
1,1,1,1,1,1,1,1,1,1,1,1,1,1,6),(2,2),(-2.,-1.97142857142857,-1.94285714285714,
-1.91428571428571,-1.88571428571429,-1.85714285714286,-1.82857142857143,
-1.8,-1.77142857142857,-1.74285714285714,-1.71428571428571,-1.68571428571429,
-1.65714285714286,-1.62857142857143,-1.6,-1.57142857142857,-1.54285714285714,
-1.51428571428571,-1.48571428571429,-1.45714285714286,-1.42857142857143,
-1.4,-1.37142857142857,-1.34285714285714,-1.31428571428571,-1.28571428571429,
-1.25714285714286,-1.22857142857143,-1.2,-1.17142857142857,-1.14285714285714,
-1.11428571428571,-1.08571428571429,-1.05714285714286,-1.02857142857143,
-1.),(0.,2.5),.UNSPECIFIED.)
GEOMETRIC_REPRESENTATION_ITEM()
RATIONAL_B_SPLINE_SURFACE(((1.,1.),(1.,1.),(1.,1.),(1.,1.),(1.,1.),(1.,
1.),(1.,1.),(1.,1.),(1.,1.),(1.,1.),(1.,1.),(1.,1.),(1.,1.),(1.,1.),(1.,
1.),(1.,1.),(1.,1.),(1.,1.),(1.,1.),(1.,1.),(1.,1.),(1.,1.),(1.,1.),(1.,
1.),(1.,1.),(1.,1.),(1.,1.),(1.,1.),(1.,1.),(1.,1.),(1.,1.),(1.,1.),(1.,
1.),(1.,1.),(1.,1.),(1.,1.),(1.,1.),(1.,1.),(1.,1.),(1.,1.)))
REPRESENTATION_ITEM('')
SURFACE()
);
#17=CYLINDRICAL_SURFACE('',#885,3.);
#18=CYLINDRICAL_SURFACE('',#887,2.);
#19=CYLINDRICAL_SURFACE('',#888,3.);
#20=CYLINDRICAL_SURFACE('',#892,3.);
#21=CYLINDRICAL_SURFACE('',#896,3.);
#22=CYLINDRICAL_SURFACE('',#900,1.75);
#23=CYLINDRICAL_SURFACE('',#902,4.);
#24=CYLINDRICAL_SURFACE('',#904,8.5);
#25=CYLINDRICAL_SURFACE('',#907,2.);
#26=CYLINDRICAL_SURFACE('',#909,2.);
#27=CYLINDRICAL_SURFACE('',#911,3.45);
#28=CYLINDRICAL_SURFACE('',#914,3.45000000000001);
#29=CYLINDRICAL_SURFACE('',#917,2.);
#30=CYLINDRICAL_SURFACE('',#919,2.);
#31=CYLINDRICAL_SURFACE('',#925,3.5);
#32=CYLINDRICAL_SURFACE('',#926,1.75);
#33=CYLINDRICAL_SURFACE('',#927,1.75);
#34=CYLINDRICAL_SURFACE('',#928,1.75);
#35=CYLINDRICAL_SURFACE('',#929,3.45);
#36=FACE_BOUND('',#250,.T.);
#37=FACE_BOUND('',#251,.T.);
#38=FACE_BOUND('',#252,.T.);
#39=FACE_BOUND('',#253,.T.);
#40=FACE_BOUND('',#254,.T.);
#41=FACE_BOUND('',#255,.T.);
#42=FACE_BOUND('',#256,.T.);
#43=FACE_BOUND('',#257,.T.);
#44=FACE_BOUND('',#259,.T.);
#45=FACE_BOUND('',#260,.T.);
#46=FACE_BOUND('',#261,.T.);
#47=FACE_BOUND('',#262,.T.);
#48=FACE_BOUND('',#263,.T.);
#49=FACE_BOUND('',#264,.T.);
#50=FACE_BOUND('',#265,.T.);
#51=FACE_BOUND('',#266,.T.);
#52=FACE_BOUND('',#268,.T.);
#53=FACE_BOUND('',#279,.T.);
#54=FACE_BOUND('',#282,.T.);
#55=FACE_BOUND('',#285,.T.);
#56=FACE_BOUND('',#307,.T.);
#57=FACE_BOUND('',#310,.T.);
#58=FACE_BOUND('',#314,.T.);
#59=FACE_BOUND('',#316,.T.);
#60=LINE('',#1196,#102);
#61=LINE('',#1300,#103);
#62=LINE('',#1304,#104);
#63=LINE('',#1308,#105);
#64=LINE('',#1358,#106);
#65=LINE('',#1377,#107);
#66=LINE('',#1428,#108);
#67=LINE('',#1432,#109);
#68=LINE('',#1436,#110);
#69=LINE('',#1492,#111);
#70=LINE('',#1599,#112);
#71=LINE('',#1675,#113);
#72=LINE('',#1696,#114);
#73=LINE('',#1698,#115);
#74=LINE('',#1760,#116);
#75=LINE('',#1846,#117);
#76=LINE('',#1849,#118);
#77=LINE('',#1856,#119);
#78=LINE('',#1863,#120);
#79=LINE('',#1869,#121);
#80=LINE('',#1915,#122);
#81=LINE('',#1916,#123);
#82=LINE('',#1918,#124);
#83=LINE('',#1920,#125);
#84=LINE('',#1922,#126);
#85=LINE('',#1924,#127);
#86=LINE('',#1945,#128);
#87=LINE('',#2157,#129);
#88=LINE('',#2199,#130);
#89=LINE('',#2227,#131);
#90=LINE('',#2228,#132);
#91=LINE('',#2413,#133);
#92=LINE('',#2417,#134);
#93=LINE('',#2421,#135);
#94=LINE('',#2426,#136);
#95=LINE('',#2431,#137);
#96=LINE('',#2435,#138);
#97=LINE('',#2443,#139);
#98=LINE('',#2445,#140);
#99=LINE('',#2447,#141);
#100=LINE('',#2449,#142);
#101=LINE('',#2451,#143);
#102=VECTOR('',#936,10.);
#103=VECTOR('',#937,10.);
#104=VECTOR('',#940,10.);
#105=VECTOR('',#943,10.);
#106=VECTOR('',#944,10.);
#107=VECTOR('',#963,10.);
#108=VECTOR('',#964,10.);
#109=VECTOR('',#967,10.);
#110=VECTOR('',#970,10.);
#111=VECTOR('',#971,10.);
#112=VECTOR('',#1000,3.);
#113=VECTOR('',#1003,10.);
#114=VECTOR('',#1004,10.);
#115=VECTOR('',#1007,10.);
#116=VECTOR('',#1008,10.);
#117=VECTOR('',#1009,10.);
#118=VECTOR('',#1012,3.);
#119=VECTOR('',#1021,3.);
#120=VECTOR('',#1030,3.);
#121=VECTOR('',#1039,1.75);
#122=VECTOR('',#1042,10.);
#123=VECTOR('',#1043,10.);
#124=VECTOR('',#1046,10.);
#125=VECTOR('',#1049,10.);
#126=VECTOR('',#1052,10.);
#127=VECTOR('',#1055,10.);
#128=VECTOR('',#1056,10.);
#129=VECTOR('',#1057,10.);
#130=VECTOR('',#1058,10.);
#131=VECTOR('',#1059,10.);
#132=VECTOR('',#1060,10.);
#133=VECTOR('',#1067,2.);
#134=VECTOR('',#1072,2.);
#135=VECTOR('',#1077,3.45);
#136=VECTOR('',#1084,3.45000000000001);
#137=VECTOR('',#1091,2.);
#138=VECTOR('',#1096,2.);
#139=VECTOR('',#1107,3.5);
#140=VECTOR('',#1110,1.75);
#141=VECTOR('',#1113,1.75);
#142=VECTOR('',#1116,1.75);
#143=VECTOR('',#1119,3.45);
#144=CIRCLE('',#858,2.);
#145=CIRCLE('',#859,4.);
#146=CIRCLE('',#860,8.5);
#147=CIRCLE('',#861,2.);
#148=CIRCLE('',#862,1.75);
#149=CIRCLE('',#863,1.75);
#150=CIRCLE('',#864,1.75);
#151=CIRCLE('',#865,2.);
#152=CIRCLE('',#866,2.);
#153=CIRCLE('',#867,2.);
#154=CIRCLE('',#868,1.75);
#155=CIRCLE('',#870,8.5);
#156=CIRCLE('',#871,4.);
#157=CIRCLE('',#872,2.);
#158=CIRCLE('',#873,3.5);
#159=CIRCLE('',#874,3.);
#160=CIRCLE('',#875,3.);
#161=CIRCLE('',#876,3.45);
#162=CIRCLE('',#877,3.45);
#163=CIRCLE('',#878,3.45);
#164=CIRCLE('',#879,3.45000000000001);
#165=CIRCLE('',#880,3.);
#166=CIRCLE('',#881,3.);
#167=CIRCLE('',#883,3.);
#168=CIRCLE('',#884,1.75);
#169=CIRCLE('',#889,3.);
#170=CIRCLE('',#891,1.75);
#171=CIRCLE('',#893,3.);
#172=CIRCLE('',#895,1.75);
#173=CIRCLE('',#897,3.);
#174=CIRCLE('',#899,1.75);
#175=CIRCLE('',#908,2.);
#176=CIRCLE('',#910,2.);
#177=CIRCLE('',#912,3.45);
#178=CIRCLE('',#915,3.45000000000001);
#179=CIRCLE('',#918,2.);
#180=CIRCLE('',#920,2.);
#181=CIRCLE('',#922,3.5);
#182=CIRCLE('',#924,3.45);
#183=PLANE('',#857);
#184=PLANE('',#869);
#185=PLANE('',#882);
#186=PLANE('',#886);
#187=PLANE('',#890);
#188=PLANE('',#894);
#189=PLANE('',#898);
#190=PLANE('',#901);
#191=PLANE('',#903);
#192=PLANE('',#905);
#193=PLANE('',#906);
#194=PLANE('',#913);
#195=PLANE('',#916);
#196=PLANE('',#921);
#197=PLANE('',#923);
#198=FACE_OUTER_BOUND('',#248,.T.);
#199=FACE_OUTER_BOUND('',#249,.T.);
#200=FACE_OUTER_BOUND('',#258,.T.);
#201=FACE_OUTER_BOUND('',#267,.T.);
#202=FACE_OUTER_BOUND('',#269,.T.);
#203=FACE_OUTER_BOUND('',#270,.T.);
#204=FACE_OUTER_BOUND('',#271,.T.);
#205=FACE_OUTER_BOUND('',#272,.T.);
#206=FACE_OUTER_BOUND('',#273,.T.);
#207=FACE_OUTER_BOUND('',#274,.T.);
#208=FACE_OUTER_BOUND('',#275,.T.);
#209=FACE_OUTER_BOUND('',#276,.T.);
#210=FACE_OUTER_BOUND('',#277,.T.);
#211=FACE_OUTER_BOUND('',#278,.T.);
#212=FACE_OUTER_BOUND('',#280,.T.);
#213=FACE_OUTER_BOUND('',#281,.T.);
#214=FACE_OUTER_BOUND('',#283,.T.);
#215=FACE_OUTER_BOUND('',#284,.T.);
#216=FACE_OUTER_BOUND('',#286,.T.);
#217=FACE_OUTER_BOUND('',#287,.T.);
#218=FACE_OUTER_BOUND('',#288,.T.);
#219=FACE_OUTER_BOUND('',#289,.T.);
#220=FACE_OUTER_BOUND('',#290,.T.);
#221=FACE_OUTER_BOUND('',#291,.T.);
#222=FACE_OUTER_BOUND('',#292,.T.);
#223=FACE_OUTER_BOUND('',#293,.T.);
#224=FACE_OUTER_BOUND('',#294,.T.);
#225=FACE_OUTER_BOUND('',#295,.T.);
#226=FACE_OUTER_BOUND('',#296,.T.);
#227=FACE_OUTER_BOUND('',#297,.T.);
#228=FACE_OUTER_BOUND('',#298,.T.);
#229=FACE_OUTER_BOUND('',#299,.T.);
#230=FACE_OUTER_BOUND('',#300,.T.);
#231=FACE_OUTER_BOUND('',#301,.T.);
#232=FACE_OUTER_BOUND('',#302,.T.);
#233=FACE_OUTER_BOUND('',#303,.T.);
#234=FACE_OUTER_BOUND('',#304,.T.);
#235=FACE_OUTER_BOUND('',#305,.T.);
#236=FACE_OUTER_BOUND('',#306,.T.);
#237=FACE_OUTER_BOUND('',#308,.T.);
#238=FACE_OUTER_BOUND('',#309,.T.);
#239=FACE_OUTER_BOUND('',#311,.T.);
#240=FACE_OUTER_BOUND('',#312,.T.);
#241=FACE_OUTER_BOUND('',#313,.T.);
#242=FACE_OUTER_BOUND('',#315,.T.);
#243=FACE_OUTER_BOUND('',#317,.T.);
#244=FACE_OUTER_BOUND('',#318,.T.);
#245=FACE_OUTER_BOUND('',#319,.T.);
#246=FACE_OUTER_BOUND('',#320,.T.);
#247=FACE_OUTER_BOUND('',#321,.T.);
#248=EDGE_LOOP('',(#555,#556,#557,#558));
#249=EDGE_LOOP('',(#559,#560,#561,#562,#563,#564,#565,#566,#567,#568,#569,
#570,#571,#572,#573,#574,#575,#576,#577));
#250=EDGE_LOOP('',(#578));
#251=EDGE_LOOP('',(#579));
#252=EDGE_LOOP('',(#580));
#253=EDGE_LOOP('',(#581));
#254=EDGE_LOOP('',(#582));
#255=EDGE_LOOP('',(#583));
#256=EDGE_LOOP('',(#584));
#257=EDGE_LOOP('',(#585));
#258=EDGE_LOOP('',(#586,#587,#588,#589,#590,#591,#592,#593,#594,#595,#596,
#597,#598,#599,#600,#601,#602,#603,#604));
#259=EDGE_LOOP('',(#605));
#260=EDGE_LOOP('',(#606));
#261=EDGE_LOOP('',(#607));
#262=EDGE_LOOP('',(#608));
#263=EDGE_LOOP('',(#609,#610));
#264=EDGE_LOOP('',(#611));
#265=EDGE_LOOP('',(#612));
#266=EDGE_LOOP('',(#613));
#267=EDGE_LOOP('',(#614));
#268=EDGE_LOOP('',(#615));
#269=EDGE_LOOP('',(#616,#617,#618,#619));
#270=EDGE_LOOP('',(#620,#621,#622,#623));
#271=EDGE_LOOP('',(#624,#625,#626,#627));
#272=EDGE_LOOP('',(#628,#629,#630,#631));
#273=EDGE_LOOP('',(#632,#633,#634,#635));
#274=EDGE_LOOP('',(#636,#637,#638,#639));
#275=EDGE_LOOP('',(#640,#641,#642,#643));
#276=EDGE_LOOP('',(#644,#645,#646,#647,#648));
#277=EDGE_LOOP('',(#649,#650,#651,#652));
#278=EDGE_LOOP('',(#653));
#279=EDGE_LOOP('',(#654));
#280=EDGE_LOOP('',(#655,#656,#657,#658));
#281=EDGE_LOOP('',(#659));
#282=EDGE_LOOP('',(#660));
#283=EDGE_LOOP('',(#661,#662,#663,#664));
#284=EDGE_LOOP('',(#665));
#285=EDGE_LOOP('',(#666));
#286=EDGE_LOOP('',(#667,#668,#669,#670));
#287=EDGE_LOOP('',(#671,#672,#673,#674));
#288=EDGE_LOOP('',(#675,#676,#677,#678,#679));
#289=EDGE_LOOP('',(#680,#681,#682,#683));
#290=EDGE_LOOP('',(#684,#685,#686,#687));
#291=EDGE_LOOP('',(#688,#689,#690,#691));
#292=EDGE_LOOP('',(#692,#693,#694,#695));
#293=EDGE_LOOP('',(#696,#697,#698,#699));
#294=EDGE_LOOP('',(#700,#701,#702,#703));
#295=EDGE_LOOP('',(#704,#705,#706,#707));
#296=EDGE_LOOP('',(#708,#709,#710,#711));
#297=EDGE_LOOP('',(#712,#713,#714,#715));
#298=EDGE_LOOP('',(#716,#717,#718,#719));
#299=EDGE_LOOP('',(#720,#721,#722,#723));
#300=EDGE_LOOP('',(#724,#725,#726,#727));
#301=EDGE_LOOP('',(#728,#729,#730,#731,#732,#733));
#302=EDGE_LOOP('',(#734,#735,#736,#737));
#303=EDGE_LOOP('',(#738,#739,#740,#741));
#304=EDGE_LOOP('',(#742,#743,#744,#745));
#305=EDGE_LOOP('',(#746,#747,#748,#749));
#306=EDGE_LOOP('',(#750));
#307=EDGE_LOOP('',(#751));
#308=EDGE_LOOP('',(#752,#753,#754,#755));
#309=EDGE_LOOP('',(#756));
#310=EDGE_LOOP('',(#757));
#311=EDGE_LOOP('',(#758,#759,#760,#761));
#312=EDGE_LOOP('',(#762,#763,#764,#765));
#313=EDGE_LOOP('',(#766));
#314=EDGE_LOOP('',(#767));
#315=EDGE_LOOP('',(#768));
#316=EDGE_LOOP('',(#769));
#317=EDGE_LOOP('',(#770,#771,#772,#773));
#318=EDGE_LOOP('',(#774,#775,#776,#777));
#319=EDGE_LOOP('',(#778,#779,#780,#781));
#320=EDGE_LOOP('',(#782,#783,#784,#785));
#321=EDGE_LOOP('',(#786,#787,#788,#789,#790));
#322=B_SPLINE_CURVE_WITH_KNOTS('',3,(#1139,#1140,#1141,#1142),
 .UNSPECIFIED.,.F.,.F.,(4,4),(0.,1.),.UNSPECIFIED.);
#323=B_SPLINE_CURVE_WITH_KNOTS('',3,(#1144,#1145,#1146,#1147),
 .UNSPECIFIED.,.F.,.F.,(4,4),(0.,0.20000000000006),.UNSPECIFIED.);
#324=B_SPLINE_CURVE_WITH_KNOTS('',3,(#1149,#1150,#1151,#1152),
 .UNSPECIFIED.,.F.,.F.,(4,4),(-1.,0.),.UNSPECIFIED.);
#325=B_SPLINE_CURVE_WITH_KNOTS('',3,(#1153,#1154,#1155,#1156,#1157,#1158),
 .UNSPECIFIED.,.F.,.F.,(4,2,4),(-0.2,-0.1,0.),.UNSPECIFIED.);
#326=B_SPLINE_CURVE_WITH_KNOTS('',3,(#1163,#1164,#1165,#1166,#1167,#1168,
#1169,#1170,#1171,#1172),.UNSPECIFIED.,.F.,.F.,(4,3,3,4),(-1.31298237966533,
-0.949474544872856,-0.585966710080385,0.),.UNSPECIFIED.);
#327=B_SPLINE_CURVE_WITH_KNOTS('',3,(#1174,#1175,#1176,#1177,#1178,#1179,
#1180,#1181,#1182,#1183),.UNSPECIFIED.,.F.,.F.,(4,2,2,2,4),(7.80698892614621,
8.46337155177807,9.34821414808267,9.75992774693794,9.88689937979613),
 .UNSPECIFIED.);
#328=B_SPLINE_CURVE_WITH_KNOTS('',3,(#1185,#1186,#1187,#1188,#1189,#1190,
#1191,#1192,#1193,#1194),.UNSPECIFIED.,.F.,.F.,(4,3,3,4),(-0.423395760685716,
-0.299592886854917,-0.175790013024117,0.),.UNSPECIFIED.);
#329=B_SPLINE_CURVE_WITH_KNOTS('',3,(#1198,#1199,#1200,#1201,#1202,#1203,
#1204,#1205,#1206,#1207,#1208,#1209,#1210,#1211,#1212,#1213),
 .UNSPECIFIED.,.F.,.F.,(4,3,3,3,3,4),(-1.62106350848734,-1.33790179331602,
-1.0547400781447,-0.70316005209647,-0.351580026048235,0.),.UNSPECIFIED.);
#330=B_SPLINE_CURVE_WITH_KNOTS('',3,(#1215,#1216,#1217,#1218,#1219,#1220,
#1221,#1222,#1223,#1224,#1225,#1226,#1227,#1228,#1229,#1230,#1231,#1232,
#1233,#1234,#1235,#1236,#1237,#1238,#1239,#1240,#1241,#1242,#1243,#1244,
#1245,#1246,#1247,#1248,#1249,#1250,#1251,#1252,#1253,#1254,#1255,#1256,
#1257,#1258,#1259,#1260,#1261,#1262,#1263,#1264,#1265,#1266,#1267,#1268,
#1269,#1270,#1271,#1272,#1273,#1274,#1275,#1276,#1277,#1278,#1279,#1280,
#1281,#1282,#1283,#1284),.UNSPECIFIED.,.F.,.F.,(4,3,3,3,3,3,3,3,3,3,3,3,
3,3,3,3,3,3,3,3,3,3,3,4),(1.1781375208342,1.5672851600724,1.62914345038929,
1.99010321903031,2.08641870978503,2.1850536926336,2.59693470781132,2.84432056000888,
3.01400082636669,3.18363220689906,3.45513353704544,3.62147664644363,4.09435453421886,
4.23383288184427,4.63416193663969,4.916135378357,5.24823616788302,5.70361730958949,
6.04968512494854,6.38280252754562,6.63822683282059,6.81469727748396,6.92568335250769,
7.40449974864547),.UNSPECIFIED.);
#331=B_SPLINE_CURVE_WITH_KNOTS('',3,(#1286,#1287,#1288,#1289,#1290,#1291,
#1292,#1293,#1294,#1295,#1296,#1297,#1298),.UNSPECIFIED.,.F.,.F.,(4,3,3,
3,4),(-1.06817771264538,-0.827072211362886,-0.585966710080391,-0.292983355040196,
0.),.UNSPECIFIED.);
#332=B_SPLINE_CURVE_WITH_KNOTS('',3,(#1310,#1311,#1312,#1313,#1314,#1315,
#1316,#1317,#1318,#1319,#1320,#1321,#1322,#1323,#1324,#1325),
 .UNSPECIFIED.,.F.,.F.,(4,3,3,3,3,4),(-0.924851964390275,-0.755409337235334,
-0.585966710080392,-0.390644473386927,-0.195322236693463,0.),
 .UNSPECIFIED.);
#333=B_SPLINE_CURVE_WITH_KNOTS('',3,(#1327,#1328,#1329,#1330,#1331,#1332,
#1333,#1334,#1335,#1336,#1337,#1338,#1339),.UNSPECIFIED.,.F.,.F.,(4,3,3,
3,4),(-0.814246219758943,-0.70316005209647,-0.468773368064313,-0.234386684032156,
0.),.UNSPECIFIED.);
#334=B_SPLINE_CURVE_WITH_KNOTS('',3,(#1341,#1342,#1343,#1344,#1345,#1346),
 .UNSPECIFIED.,.F.,.F.,(4,2,4),(0.658459272060752,0.898026276800105,1.01920948374776),
 .UNSPECIFIED.);
#335=B_SPLINE_CURVE_WITH_KNOTS('',3,(#1348,#1349,#1350,#1351,#1352,#1353,
#1354,#1355,#1356,#1357),.UNSPECIFIED.,.F.,.F.,(4,3,3,4),(0.,0.997683802640787,
1.66280633773465,2.3279288728285),.UNSPECIFIED.);
#336=B_SPLINE_CURVE_WITH_KNOTS('',3,(#1379,#1380,#1381,#1382,#1383,#1384,
#1385,#1386,#1387,#1388),.UNSPECIFIED.,.F.,.F.,(4,3,3,4),(0.,0.665122535093857,
1.33024507018771,2.3279288728285),.UNSPECIFIED.);
#337=B_SPLINE_CURVE_WITH_KNOTS('',3,(#1390,#1391,#1392,#1393,#1394,#1395),
 .UNSPECIFIED.,.F.,.F.,(4,2,4),(-0.953365549362137,-0.872867277135988,-0.592573695608841),
 .UNSPECIFIED.);
#338=B_SPLINE_CURVE_WITH_KNOTS('',3,(#1397,#1398,#1399,#1400,#1401,#1402,
#1403,#1404,#1405,#1406,#1407,#1408,#1409),.UNSPECIFIED.,.F.,.F.,(4,3,3,
3,4),(-0.813966074484168,-0.579660032302607,-0.345353990121046,-0.111047947939484,
0.),.UNSPECIFIED.);
#339=B_SPLINE_CURVE_WITH_KNOTS('',3,(#1411,#1412,#1413,#1414,#1415,#1416,
#1417,#1418,#1419,#1420,#1421,#1422,#1423,#1424,#1425,#1426),
 .UNSPECIFIED.,.F.,.F.,(4,3,3,3,3,4),(0.,0.169442436183294,0.338884872366589,
0.53420688892059,0.729528905474589,0.924850922028587),.UNSPECIFIED.);
#340=B_SPLINE_CURVE_WITH_KNOTS('',3,(#1438,#1439,#1440,#1441,#1442,#1443,
#1444,#1445,#1446,#1447),.UNSPECIFIED.,.F.,.F.,(4,3,3,4),(-1.06817771264538,
-0.762984080460986,-0.457790448276592,0.),.UNSPECIFIED.);
#341=B_SPLINE_CURVE_WITH_KNOTS('',3,(#1449,#1450,#1451,#1452,#1453,#1454,
#1455,#1456,#1457,#1458,#1459,#1460,#1461,#1462,#1463,#1464,#1465,#1466,
#1467,#1468,#1469,#1470,#1471,#1472,#1473,#1474,#1475,#1476),
 .UNSPECIFIED.,.F.,.F.,(4,2,2,2,2,2,2,2,2,2,2,2,2,4),(-21.0037551652751,
-20.6556020808491,-18.7338946481794,-17.5562096014604,-16.4074242371869,
-15.0878161468045,-12.5404850064869,-10.3143762989048,-9.18830294330949,
-8.27349478747652,-7.24711005640314,-5.4452331658927,-2.56748569431427,
0.),.UNSPECIFIED.);
#342=B_SPLINE_CURVE_WITH_KNOTS('',3,(#1478,#1479,#1480,#1481,#1482,#1483,
#1484,#1485,#1486,#1487,#1488,#1489,#1490),.UNSPECIFIED.,.F.,.F.,(4,3,3,
3,4),(-1.62106350848734,-1.15790250606239,-0.926322004849908,-0.463161002424954,
0.),.UNSPECIFIED.);
#343=B_SPLINE_CURVE_WITH_KNOTS('',3,(#1494,#1495,#1496,#1497),
 .UNSPECIFIED.,.F.,.F.,(4,4),(-0.423395760685716,0.),.UNSPECIFIED.);
#344=B_SPLINE_CURVE_WITH_KNOTS('',3,(#1499,#1500,#1501,#1502,#1503,#1504,
#1505,#1506,#1507,#1508,#1509,#1510,#1511,#1512,#1513,#1514,#1515,#1516,
#1517,#1518,#1519,#1520,#1521,#1522,#1523,#1524,#1525,#1526,#1527,#1528,
#1529,#1530,#1531,#1532,#1533,#1534,#1535,#1536,#1537,#1538,#1539,#1540,
#1541,#1542,#1543,#1544,#1545,#1546,#1547,#1548,#1549,#1550,#1551,#1552,
#1553,#1554,#1555,#1556,#1557,#1558,#1559,#1560,#1561,#1562),
 .UNSPECIFIED.,.F.,.F.,(4,3,3,3,3,3,3,3,3,3,3,3,3,3,3,3,3,3,3,3,3,4),(-2.17897117996622,
-2.08741064160576,-1.9930481547971,-1.89530254060943,-1.79333792576395,
-1.6812543054037,-1.56580320869451,-1.44326847944962,-1.31175630533783,
-1.17211046134081,-1.03477156731835,-0.905425121403558,-0.792246981228113,
-0.686920761334696,-0.586071133135676,-0.48878115165844,-0.39442166406627,
-0.30253846986361,-0.213523061765657,-0.12539647287061,-0.0382587566317476,
0.),.UNSPECIFIED.);
#345=B_SPLINE_CURVE_WITH_KNOTS('',3,(#1564,#1565,#1566,#1567,#1568,#1569,
#1570,#1571,#1572,#1573),.UNSPECIFIED.,.F.,.F.,(4,3,3,4),(-1.31297815889536,
-0.727013332488913,-0.363506666244457,0.),.UNSPECIFIED.);
#346=B_SPLINE_CURVE_WITH_KNOTS('',3,(#1624,#1625,#1626,#1627),
 .UNSPECIFIED.,.F.,.F.,(4,4),(-2.22044604925031E-16,0.2),.UNSPECIFIED.);
#347=B_SPLINE_CURVE_WITH_KNOTS('',3,(#1628,#1629,#1630,#1631),
 .UNSPECIFIED.,.F.,.F.,(4,4),(-0.2,2.22044604925031E-16),.UNSPECIFIED.);
#348=B_SPLINE_CURVE_WITH_KNOTS('',3,(#1762,#1763,#1764,#1765),
 .UNSPECIFIED.,.F.,.F.,(4,4),(2.22044604925031E-16,0.0500000000000004),
 .UNSPECIFIED.);
#349=B_SPLINE_CURVE_WITH_KNOTS('',3,(#1766,#1767,#1768,#1769,#1770,#1771,
#1772,#1773,#1774,#1775,#1776,#1777,#1778,#1779,#1780,#1781,#1782,#1783,
#1784,#1785,#1786,#1787,#1788,#1789,#1790,#1791,#1792,#1793,#1794,#1795,
#1796,#1797,#1798,#1799,#1800,#1801,#1802,#1803,#1804,#1805,#1806,#1807,
#1808,#1809,#1810,#1811,#1812,#1813,#1814,#1815,#1816,#1817,#1818,#1819,
#1820,#1821,#1822,#1823,#1824,#1825,#1826,#1827,#1828,#1829),
 .UNSPECIFIED.,.F.,.F.,(4,3,3,3,3,3,3,3,3,3,3,3,3,3,3,3,3,3,3,3,3,4),(7.80698892614621,
7.89438692508655,7.98445948985926,8.07776137774843,8.17509046143204,8.2820785188298,
8.39228095984367,8.50924499619022,8.63477834341028,8.76807558635088,8.89917075823599,
9.02263683593101,9.13066965391415,9.23120751683496,9.32747230356847,9.42033927279252,
9.51040897469997,9.59811496085276,9.68308353663804,9.76720370085681,9.85037994870228,
9.88689937979613),.UNSPECIFIED.);
#350=B_SPLINE_CURVE_WITH_KNOTS('',3,(#1895,#1896,#1897,#1898),
 .UNSPECIFIED.,.F.,.F.,(4,4),(-0.0500000000000006,-3.33066907387548E-16),
 .UNSPECIFIED.);
#351=B_SPLINE_CURVE_WITH_KNOTS('',3,(#1900,#1901,#1902,#1903,#1904,#1905,
#1906,#1907,#1908,#1909),.UNSPECIFIED.,.F.,.F.,(4,3,3,4),(0.,0.457790448276591,
0.762984080460986,1.06817771264538),.UNSPECIFIED.);
#352=B_SPLINE_CURVE_WITH_KNOTS('',3,(#1910,#1911,#1912,#1913),
 .UNSPECIFIED.,.F.,.F.,(4,4),(3.33066907387548E-16,0.0500000000000006),
 .UNSPECIFIED.);
#353=B_SPLINE_CURVE_WITH_KNOTS('',3,(#2087,#2088,#2089,#2090,#2091,#2092,
#2093,#2094,#2095,#2096,#2097,#2098,#2099,#2100,#2101,#2102,#2103,#2104,
#2105,#2106,#2107,#2108,#2109,#2110,#2111,#2112,#2113,#2114,#2115,#2116,
#2117,#2118,#2119,#2120,#2121,#2122,#2123,#2124,#2125,#2126,#2127,#2128,
#2129,#2130,#2131,#2132,#2133,#2134,#2135,#2136,#2137,#2138,#2139,#2140,
#2141,#2142,#2143,#2144,#2145,#2146,#2147,#2148,#2149,#2150,#2151,#2152,
#2153,#2154,#2155,#2156),.UNSPECIFIED.,.F.,.F.,(4,3,3,3,3,3,3,3,3,3,3,3,
3,3,3,3,3,3,3,3,3,3,3,4),(1.1781375208342,1.5672851600724,1.62914345038929,
1.99010321903031,2.08641870978503,2.1850536926336,2.59693470781132,2.84432056000888,
3.01400082636669,3.18363220689906,3.45513353704544,3.62147664644363,4.09435453421886,
4.23383288184427,4.63416193663969,4.916135378357,5.24823616788302,5.70361730958949,
6.04968512494854,6.38280252754562,6.63822683282059,6.81469727748396,6.92568335250769,
7.40449974864547),.UNSPECIFIED.);
#354=B_SPLINE_CURVE_WITH_KNOTS('',3,(#2183,#2184,#2185,#2186,#2187,#2188,
#2189,#2190,#2191,#2192,#2193,#2194,#2195,#2196,#2197,#2198),
 .UNSPECIFIED.,.F.,.F.,(4,3,3,3,3,4),(0.,0.351580026048235,0.70316005209647,
1.0547400781447,1.33790179331602,1.62106350848734),.UNSPECIFIED.);
#355=B_SPLINE_CURVE_WITH_KNOTS('',3,(#2217,#2218,#2219,#2220,#2221,#2222,
#2223,#2224,#2225,#2226),.UNSPECIFIED.,.F.,.F.,(4,3,3,4),(0.,0.175790013024117,
0.299592886854917,0.423395760685716),.UNSPECIFIED.);
#356=B_SPLINE_CURVE_WITH_KNOTS('',3,(#2353,#2354,#2355,#2356),
 .UNSPECIFIED.,.F.,.F.,(4,4),(0.150000000000001,0.200000000000001),
 .UNSPECIFIED.);
#357=B_SPLINE_CURVE_WITH_KNOTS('',3,(#2385,#2386,#2387,#2388),
 .UNSPECIFIED.,.F.,.F.,(4,4),(-0.200000000000001,-0.150000000000001),
 .UNSPECIFIED.);
#358=B_SPLINE_CURVE_WITH_KNOTS('',3,(#2390,#2391,#2392,#2393),
 .UNSPECIFIED.,.F.,.F.,(4,4),(-0.0500000000000004,-2.22044604925031E-16),
 .UNSPECIFIED.);
#359=VERTEX_POINT('',#1137);
#360=VERTEX_POINT('',#1138);
#361=VERTEX_POINT('',#1143);
#362=VERTEX_POINT('',#1148);
#363=VERTEX_POINT('',#1160);
#364=VERTEX_POINT('',#1162);
#365=VERTEX_POINT('',#1173);
#366=VERTEX_POINT('',#1184);
#367=VERTEX_POINT('',#1195);
#368=VERTEX_POINT('',#1197);
#369=VERTEX_POINT('',#1214);
#370=VERTEX_POINT('',#1285);
#371=VERTEX_POINT('',#1299);
#372=VERTEX_POINT('',#1301);
#373=VERTEX_POINT('',#1303);
#374=VERTEX_POINT('',#1305);
#375=VERTEX_POINT('',#1307);
#376=VERTEX_POINT('',#1309);
#377=VERTEX_POINT('',#1326);
#378=VERTEX_POINT('',#1340);
#379=VERTEX_POINT('',#1347);
#380=VERTEX_POINT('',#1359);
#381=VERTEX_POINT('',#1361);
#382=VERTEX_POINT('',#1363);
#383=VERTEX_POINT('',#1365);
#384=VERTEX_POINT('',#1367);
#385=VERTEX_POINT('',#1369);
#386=VERTEX_POINT('',#1371);
#387=VERTEX_POINT('',#1373);
#388=VERTEX_POINT('',#1376);
#389=VERTEX_POINT('',#1378);
#390=VERTEX_POINT('',#1389);
#391=VERTEX_POINT('',#1396);
#392=VERTEX_POINT('',#1410);
#393=VERTEX_POINT('',#1427);
#394=VERTEX_POINT('',#1429);
#395=VERTEX_POINT('',#1431);
#396=VERTEX_POINT('',#1433);
#397=VERTEX_POINT('',#1435);
#398=VERTEX_POINT('',#1437);
#399=VERTEX_POINT('',#1448);
#400=VERTEX_POINT('',#1477);
#401=VERTEX_POINT('',#1491);
#402=VERTEX_POINT('',#1493);
#403=VERTEX_POINT('',#1498);
#404=VERTEX_POINT('',#1563);
#405=VERTEX_POINT('',#1575);
#406=VERTEX_POINT('',#1577);
#407=VERTEX_POINT('',#1579);
#408=VERTEX_POINT('',#1581);
#409=VERTEX_POINT('',#1583);
#410=VERTEX_POINT('',#1584);
#411=VERTEX_POINT('',#1587);
#412=VERTEX_POINT('',#1589);
#413=VERTEX_POINT('',#1591);
#414=VERTEX_POINT('',#1594);
#415=VERTEX_POINT('',#1596);
#416=VERTEX_POINT('',#1759);
#417=VERTEX_POINT('',#1761);
#418=VERTEX_POINT('',#1848);
#419=VERTEX_POINT('',#1852);
#420=VERTEX_POINT('',#1855);
#421=VERTEX_POINT('',#1859);
#422=VERTEX_POINT('',#1862);
#423=VERTEX_POINT('',#1866);
#424=VERTEX_POINT('',#1894);
#425=VERTEX_POINT('',#1899);
#426=VERTEX_POINT('',#2086);
#427=VERTEX_POINT('',#2182);
#428=VERTEX_POINT('',#2216);
#429=VERTEX_POINT('',#2411);
#430=VERTEX_POINT('',#2415);
#431=VERTEX_POINT('',#2419);
#432=VERTEX_POINT('',#2424);
#433=VERTEX_POINT('',#2429);
#434=VERTEX_POINT('',#2433);
#435=VERTEX_POINT('',#2437);
#436=VERTEX_POINT('',#2440);
#437=EDGE_CURVE('',#359,#360,#322,.T.);
#438=EDGE_CURVE('',#360,#361,#323,.T.);
#439=EDGE_CURVE('',#361,#362,#324,.T.);
#440=EDGE_CURVE('',#362,#359,#325,.T.);
#441=EDGE_CURVE('',#361,#363,#144,.T.);
#442=EDGE_CURVE('',#363,#364,#326,.T.);
#443=EDGE_CURVE('',#364,#365,#327,.T.);
#444=EDGE_CURVE('',#365,#366,#328,.T.);
#445=EDGE_CURVE('',#366,#367,#60,.T.);
#446=EDGE_CURVE('',#367,#368,#329,.T.);
#447=EDGE_CURVE('',#368,#369,#330,.T.);
#448=EDGE_CURVE('',#369,#370,#331,.T.);
#449=EDGE_CURVE('',#370,#371,#61,.T.);
#450=EDGE_CURVE('',#371,#372,#145,.T.);
#451=EDGE_CURVE('',#372,#373,#62,.T.);
#452=EDGE_CURVE('',#373,#374,#146,.T.);
#453=EDGE_CURVE('',#374,#375,#63,.T.);
#454=EDGE_CURVE('',#375,#376,#332,.T.);
#455=EDGE_CURVE('',#376,#377,#333,.T.);
#456=EDGE_CURVE('',#377,#378,#334,.T.);
#457=EDGE_CURVE('',#379,#378,#335,.T.);
#458=EDGE_CURVE('',#379,#362,#64,.T.);
#459=EDGE_CURVE('',#380,#380,#147,.T.);
#460=EDGE_CURVE('',#381,#381,#148,.T.);
#461=EDGE_CURVE('',#382,#382,#149,.T.);
#462=EDGE_CURVE('',#383,#383,#150,.T.);
#463=EDGE_CURVE('',#384,#384,#151,.T.);
#464=EDGE_CURVE('',#385,#385,#152,.T.);
#465=EDGE_CURVE('',#386,#386,#153,.T.);
#466=EDGE_CURVE('',#387,#387,#154,.T.);
#467=EDGE_CURVE('',#359,#388,#65,.T.);
#468=EDGE_CURVE('',#389,#388,#336,.T.);
#469=EDGE_CURVE('',#389,#390,#337,.T.);
#470=EDGE_CURVE('',#390,#391,#338,.T.);
#471=EDGE_CURVE('',#392,#391,#339,.T.);
#472=EDGE_CURVE('',#393,#392,#66,.T.);
#473=EDGE_CURVE('',#394,#393,#155,.T.);
#474=EDGE_CURVE('',#395,#394,#67,.T.);
#475=EDGE_CURVE('',#396,#395,#156,.T.);
#476=EDGE_CURVE('',#397,#396,#68,.T.);
#477=EDGE_CURVE('',#398,#397,#340,.T.);
#478=EDGE_CURVE('',#399,#398,#341,.T.);
#479=EDGE_CURVE('',#400,#399,#342,.T.);
#480=EDGE_CURVE('',#401,#400,#69,.T.);
#481=EDGE_CURVE('',#402,#401,#343,.T.);
#482=EDGE_CURVE('',#403,#402,#344,.T.);
#483=EDGE_CURVE('',#403,#404,#345,.T.);
#484=EDGE_CURVE('',#360,#404,#157,.T.);
#485=EDGE_CURVE('',#405,#405,#158,.T.);
#486=EDGE_CURVE('',#406,#406,#159,.T.);
#487=EDGE_CURVE('',#407,#407,#160,.T.);
#488=EDGE_CURVE('',#408,#408,#161,.T.);
#489=EDGE_CURVE('',#409,#410,#162,.T.);
#490=EDGE_CURVE('',#410,#409,#163,.T.);
#491=EDGE_CURVE('',#411,#411,#164,.T.);
#492=EDGE_CURVE('',#412,#412,#165,.T.);
#493=EDGE_CURVE('',#413,#413,#166,.T.);
#494=EDGE_CURVE('',#414,#414,#167,.T.);
#495=EDGE_CURVE('',#415,#415,#168,.T.);
#496=EDGE_CURVE('',#413,#414,#70,.T.);
#497=EDGE_CURVE('',#388,#379,#346,.T.);
#498=EDGE_CURVE('',#378,#389,#347,.T.);
#499=EDGE_CURVE('',#390,#377,#71,.T.);
#500=EDGE_CURVE('',#391,#376,#72,.T.);
#501=EDGE_CURVE('',#363,#404,#73,.F.);
#502=EDGE_CURVE('',#403,#416,#74,.T.);
#503=EDGE_CURVE('',#417,#402,#348,.T.);
#504=EDGE_CURVE('',#416,#417,#349,.T.);
#505=EDGE_CURVE('',#416,#364,#75,.T.);
#506=EDGE_CURVE('',#407,#418,#76,.T.);
#507=EDGE_CURVE('',#418,#418,#169,.T.);
#508=EDGE_CURVE('',#419,#419,#170,.T.);
#509=EDGE_CURVE('',#406,#420,#77,.T.);
#510=EDGE_CURVE('',#420,#420,#171,.T.);
#511=EDGE_CURVE('',#421,#421,#172,.T.);
#512=EDGE_CURVE('',#412,#422,#78,.T.);
#513=EDGE_CURVE('',#422,#422,#173,.T.);
#514=EDGE_CURVE('',#423,#423,#174,.T.);
#515=EDGE_CURVE('',#387,#415,#79,.T.);
#516=EDGE_CURVE('',#397,#424,#350,.T.);
#517=EDGE_CURVE('',#424,#425,#351,.T.);
#518=EDGE_CURVE('',#425,#398,#352,.T.);
#519=EDGE_CURVE('',#396,#371,#80,.T.);
#520=EDGE_CURVE('',#424,#370,#81,.T.);
#521=EDGE_CURVE('',#395,#372,#82,.T.);
#522=EDGE_CURVE('',#394,#373,#83,.T.);
#523=EDGE_CURVE('',#393,#374,#84,.T.);
#524=EDGE_CURVE('',#392,#375,#85,.T.);
#525=EDGE_CURVE('',#425,#369,#86,.T.);
#526=EDGE_CURVE('',#426,#425,#353,.T.);
#527=EDGE_CURVE('',#426,#368,#87,.T.);
#528=EDGE_CURVE('',#426,#427,#354,.T.);
#529=EDGE_CURVE('',#427,#367,#88,.T.);
#530=EDGE_CURVE('',#428,#417,#355,.T.);
#531=EDGE_CURVE('',#428,#366,#89,.T.);
#532=EDGE_CURVE('',#417,#365,#90,.T.);
#533=EDGE_CURVE('',#399,#426,#356,.T.);
#534=EDGE_CURVE('',#427,#400,#357,.T.);
#535=EDGE_CURVE('',#401,#428,#358,.T.);
#536=EDGE_CURVE('',#429,#429,#175,.T.);
#537=EDGE_CURVE('',#429,#386,#91,.T.);
#538=EDGE_CURVE('',#430,#430,#176,.T.);
#539=EDGE_CURVE('',#430,#385,#92,.T.);
#540=EDGE_CURVE('',#431,#431,#177,.T.);
#541=EDGE_CURVE('',#431,#408,#93,.T.);
#542=EDGE_CURVE('',#432,#432,#178,.T.);
#543=EDGE_CURVE('',#432,#411,#94,.T.);
#544=EDGE_CURVE('',#433,#433,#179,.T.);
#545=EDGE_CURVE('',#433,#384,#95,.T.);
#546=EDGE_CURVE('',#434,#434,#180,.T.);
#547=EDGE_CURVE('',#434,#380,#96,.T.);
#548=EDGE_CURVE('',#435,#435,#181,.T.);
#549=EDGE_CURVE('',#436,#436,#182,.T.);
#550=EDGE_CURVE('',#405,#435,#97,.T.);
#551=EDGE_CURVE('',#381,#421,#98,.T.);
#552=EDGE_CURVE('',#382,#423,#99,.T.);
#553=EDGE_CURVE('',#383,#419,#100,.T.);
#554=EDGE_CURVE('',#410,#436,#101,.T.);
#555=ORIENTED_EDGE('',*,*,#437,.T.);
#556=ORIENTED_EDGE('',*,*,#438,.T.);
#557=ORIENTED_EDGE('',*,*,#439,.T.);
#558=ORIENTED_EDGE('',*,*,#440,.T.);
#559=ORIENTED_EDGE('',*,*,#439,.F.);
#560=ORIENTED_EDGE('',*,*,#441,.T.);
#561=ORIENTED_EDGE('',*,*,#442,.T.);
#562=ORIENTED_EDGE('',*,*,#443,.T.);
#563=ORIENTED_EDGE('',*,*,#444,.T.);
#564=ORIENTED_EDGE('',*,*,#445,.T.);
#565=ORIENTED_EDGE('',*,*,#446,.T.);
#566=ORIENTED_EDGE('',*,*,#447,.T.);
#567=ORIENTED_EDGE('',*,*,#448,.T.);
#568=ORIENTED_EDGE('',*,*,#449,.T.);
#569=ORIENTED_EDGE('',*,*,#450,.T.);
#570=ORIENTED_EDGE('',*,*,#451,.T.);
#571=ORIENTED_EDGE('',*,*,#452,.T.);
#572=ORIENTED_EDGE('',*,*,#453,.T.);
#573=ORIENTED_EDGE('',*,*,#454,.T.);
#574=ORIENTED_EDGE('',*,*,#455,.T.);
#575=ORIENTED_EDGE('',*,*,#456,.T.);
#576=ORIENTED_EDGE('',*,*,#457,.F.);
#577=ORIENTED_EDGE('',*,*,#458,.T.);
#578=ORIENTED_EDGE('',*,*,#459,.T.);
#579=ORIENTED_EDGE('',*,*,#460,.T.);
#580=ORIENTED_EDGE('',*,*,#461,.T.);
#581=ORIENTED_EDGE('',*,*,#462,.T.);
#582=ORIENTED_EDGE('',*,*,#463,.T.);
#583=ORIENTED_EDGE('',*,*,#464,.T.);
#584=ORIENTED_EDGE('',*,*,#465,.T.);
#585=ORIENTED_EDGE('',*,*,#466,.T.);
#586=ORIENTED_EDGE('',*,*,#437,.F.);
#587=ORIENTED_EDGE('',*,*,#467,.T.);
#588=ORIENTED_EDGE('',*,*,#468,.F.);
#589=ORIENTED_EDGE('',*,*,#469,.T.);
#590=ORIENTED_EDGE('',*,*,#470,.T.);
#591=ORIENTED_EDGE('',*,*,#471,.F.);
#592=ORIENTED_EDGE('',*,*,#472,.F.);
#593=ORIENTED_EDGE('',*,*,#473,.F.);
#594=ORIENTED_EDGE('',*,*,#474,.F.);
#595=ORIENTED_EDGE('',*,*,#475,.F.);
#596=ORIENTED_EDGE('',*,*,#476,.F.);
#597=ORIENTED_EDGE('',*,*,#477,.F.);
#598=ORIENTED_EDGE('',*,*,#478,.F.);
#599=ORIENTED_EDGE('',*,*,#479,.F.);
#600=ORIENTED_EDGE('',*,*,#480,.F.);
#601=ORIENTED_EDGE('',*,*,#481,.F.);
#602=ORIENTED_EDGE('',*,*,#482,.F.);
#603=ORIENTED_EDGE('',*,*,#483,.T.);
#604=ORIENTED_EDGE('',*,*,#484,.F.);
#605=ORIENTED_EDGE('',*,*,#485,.F.);
#606=ORIENTED_EDGE('',*,*,#486,.F.);
#607=ORIENTED_EDGE('',*,*,#487,.F.);
#608=ORIENTED_EDGE('',*,*,#488,.F.);
#609=ORIENTED_EDGE('',*,*,#489,.F.);
#610=ORIENTED_EDGE('',*,*,#490,.F.);
#611=ORIENTED_EDGE('',*,*,#491,.F.);
#612=ORIENTED_EDGE('',*,*,#492,.F.);
#613=ORIENTED_EDGE('',*,*,#493,.F.);
#614=ORIENTED_EDGE('',*,*,#494,.F.);
#615=ORIENTED_EDGE('',*,*,#495,.F.);
#616=ORIENTED_EDGE('',*,*,#493,.T.);
#617=ORIENTED_EDGE('',*,*,#496,.T.);
#618=ORIENTED_EDGE('',*,*,#494,.T.);
#619=ORIENTED_EDGE('',*,*,#496,.F.);
#620=ORIENTED_EDGE('',*,*,#468,.T.);
#621=ORIENTED_EDGE('',*,*,#497,.T.);
#622=ORIENTED_EDGE('',*,*,#457,.T.);
#623=ORIENTED_EDGE('',*,*,#498,.T.);
#624=ORIENTED_EDGE('',*,*,#497,.F.);
#625=ORIENTED_EDGE('',*,*,#467,.F.);
#626=ORIENTED_EDGE('',*,*,#440,.F.);
#627=ORIENTED_EDGE('',*,*,#458,.F.);
#628=ORIENTED_EDGE('',*,*,#498,.F.);
#629=ORIENTED_EDGE('',*,*,#456,.F.);
#630=ORIENTED_EDGE('',*,*,#499,.F.);
#631=ORIENTED_EDGE('',*,*,#469,.F.);
#632=ORIENTED_EDGE('',*,*,#470,.F.);
#633=ORIENTED_EDGE('',*,*,#499,.T.);
#634=ORIENTED_EDGE('',*,*,#455,.F.);
#635=ORIENTED_EDGE('',*,*,#500,.F.);
#636=ORIENTED_EDGE('',*,*,#438,.F.);
#637=ORIENTED_EDGE('',*,*,#484,.T.);
#638=ORIENTED_EDGE('',*,*,#501,.F.);
#639=ORIENTED_EDGE('',*,*,#441,.F.);
#640=ORIENTED_EDGE('',*,*,#502,.F.);
#641=ORIENTED_EDGE('',*,*,#482,.T.);
#642=ORIENTED_EDGE('',*,*,#503,.F.);
#643=ORIENTED_EDGE('',*,*,#504,.F.);
#644=ORIENTED_EDGE('',*,*,#483,.F.);
#645=ORIENTED_EDGE('',*,*,#502,.T.);
#646=ORIENTED_EDGE('',*,*,#505,.T.);
#647=ORIENTED_EDGE('',*,*,#442,.F.);
#648=ORIENTED_EDGE('',*,*,#501,.T.);
#649=ORIENTED_EDGE('',*,*,#487,.T.);
#650=ORIENTED_EDGE('',*,*,#506,.T.);
#651=ORIENTED_EDGE('',*,*,#507,.T.);
#652=ORIENTED_EDGE('',*,*,#506,.F.);
#653=ORIENTED_EDGE('',*,*,#507,.F.);
#654=ORIENTED_EDGE('',*,*,#508,.F.);
#655=ORIENTED_EDGE('',*,*,#486,.T.);
#656=ORIENTED_EDGE('',*,*,#509,.T.);
#657=ORIENTED_EDGE('',*,*,#510,.T.);
#658=ORIENTED_EDGE('',*,*,#509,.F.);
#659=ORIENTED_EDGE('',*,*,#510,.F.);
#660=ORIENTED_EDGE('',*,*,#511,.F.);
#661=ORIENTED_EDGE('',*,*,#492,.T.);
#662=ORIENTED_EDGE('',*,*,#512,.T.);
#663=ORIENTED_EDGE('',*,*,#513,.T.);
#664=ORIENTED_EDGE('',*,*,#512,.F.);
#665=ORIENTED_EDGE('',*,*,#513,.F.);
#666=ORIENTED_EDGE('',*,*,#514,.F.);
#667=ORIENTED_EDGE('',*,*,#466,.F.);
#668=ORIENTED_EDGE('',*,*,#515,.T.);
#669=ORIENTED_EDGE('',*,*,#495,.T.);
#670=ORIENTED_EDGE('',*,*,#515,.F.);
#671=ORIENTED_EDGE('',*,*,#477,.T.);
#672=ORIENTED_EDGE('',*,*,#516,.T.);
#673=ORIENTED_EDGE('',*,*,#517,.T.);
#674=ORIENTED_EDGE('',*,*,#518,.T.);
#675=ORIENTED_EDGE('',*,*,#476,.T.);
#676=ORIENTED_EDGE('',*,*,#519,.T.);
#677=ORIENTED_EDGE('',*,*,#449,.F.);
#678=ORIENTED_EDGE('',*,*,#520,.F.);
#679=ORIENTED_EDGE('',*,*,#516,.F.);
#680=ORIENTED_EDGE('',*,*,#475,.T.);
#681=ORIENTED_EDGE('',*,*,#521,.T.);
#682=ORIENTED_EDGE('',*,*,#450,.F.);
#683=ORIENTED_EDGE('',*,*,#519,.F.);
#684=ORIENTED_EDGE('',*,*,#474,.T.);
#685=ORIENTED_EDGE('',*,*,#522,.T.);
#686=ORIENTED_EDGE('',*,*,#451,.F.);
#687=ORIENTED_EDGE('',*,*,#521,.F.);
#688=ORIENTED_EDGE('',*,*,#473,.T.);
#689=ORIENTED_EDGE('',*,*,#523,.T.);
#690=ORIENTED_EDGE('',*,*,#452,.F.);
#691=ORIENTED_EDGE('',*,*,#522,.F.);
#692=ORIENTED_EDGE('',*,*,#472,.T.);
#693=ORIENTED_EDGE('',*,*,#524,.T.);
#694=ORIENTED_EDGE('',*,*,#453,.F.);
#695=ORIENTED_EDGE('',*,*,#523,.F.);
#696=ORIENTED_EDGE('',*,*,#517,.F.);
#697=ORIENTED_EDGE('',*,*,#520,.T.);
#698=ORIENTED_EDGE('',*,*,#448,.F.);
#699=ORIENTED_EDGE('',*,*,#525,.F.);
#700=ORIENTED_EDGE('',*,*,#526,.T.);
#701=ORIENTED_EDGE('',*,*,#525,.T.);
#702=ORIENTED_EDGE('',*,*,#447,.F.);
#703=ORIENTED_EDGE('',*,*,#527,.F.);
#704=ORIENTED_EDGE('',*,*,#528,.F.);
#705=ORIENTED_EDGE('',*,*,#527,.T.);
#706=ORIENTED_EDGE('',*,*,#446,.F.);
#707=ORIENTED_EDGE('',*,*,#529,.F.);
#708=ORIENTED_EDGE('',*,*,#530,.F.);
#709=ORIENTED_EDGE('',*,*,#531,.T.);
#710=ORIENTED_EDGE('',*,*,#444,.F.);
#711=ORIENTED_EDGE('',*,*,#532,.F.);
#712=ORIENTED_EDGE('',*,*,#504,.T.);
#713=ORIENTED_EDGE('',*,*,#532,.T.);
#714=ORIENTED_EDGE('',*,*,#443,.F.);
#715=ORIENTED_EDGE('',*,*,#505,.F.);
#716=ORIENTED_EDGE('',*,*,#471,.T.);
#717=ORIENTED_EDGE('',*,*,#500,.T.);
#718=ORIENTED_EDGE('',*,*,#454,.F.);
#719=ORIENTED_EDGE('',*,*,#524,.F.);
#720=ORIENTED_EDGE('',*,*,#478,.T.);
#721=ORIENTED_EDGE('',*,*,#518,.F.);
#722=ORIENTED_EDGE('',*,*,#526,.F.);
#723=ORIENTED_EDGE('',*,*,#533,.F.);
#724=ORIENTED_EDGE('',*,*,#479,.T.);
#725=ORIENTED_EDGE('',*,*,#533,.T.);
#726=ORIENTED_EDGE('',*,*,#528,.T.);
#727=ORIENTED_EDGE('',*,*,#534,.T.);
#728=ORIENTED_EDGE('',*,*,#480,.T.);
#729=ORIENTED_EDGE('',*,*,#534,.F.);
#730=ORIENTED_EDGE('',*,*,#529,.T.);
#731=ORIENTED_EDGE('',*,*,#445,.F.);
#732=ORIENTED_EDGE('',*,*,#531,.F.);
#733=ORIENTED_EDGE('',*,*,#535,.F.);
#734=ORIENTED_EDGE('',*,*,#481,.T.);
#735=ORIENTED_EDGE('',*,*,#535,.T.);
#736=ORIENTED_EDGE('',*,*,#530,.T.);
#737=ORIENTED_EDGE('',*,*,#503,.T.);
#738=ORIENTED_EDGE('',*,*,#536,.F.);
#739=ORIENTED_EDGE('',*,*,#537,.T.);
#740=ORIENTED_EDGE('',*,*,#465,.F.);
#741=ORIENTED_EDGE('',*,*,#537,.F.);
#742=ORIENTED_EDGE('',*,*,#538,.F.);
#743=ORIENTED_EDGE('',*,*,#539,.T.);
#744=ORIENTED_EDGE('',*,*,#464,.F.);
#745=ORIENTED_EDGE('',*,*,#539,.F.);
#746=ORIENTED_EDGE('',*,*,#540,.F.);
#747=ORIENTED_EDGE('',*,*,#541,.T.);
#748=ORIENTED_EDGE('',*,*,#488,.T.);
#749=ORIENTED_EDGE('',*,*,#541,.F.);
#750=ORIENTED_EDGE('',*,*,#540,.T.);
#751=ORIENTED_EDGE('',*,*,#538,.T.);
#752=ORIENTED_EDGE('',*,*,#542,.F.);
#753=ORIENTED_EDGE('',*,*,#543,.T.);
#754=ORIENTED_EDGE('',*,*,#491,.T.);
#755=ORIENTED_EDGE('',*,*,#543,.F.);
#756=ORIENTED_EDGE('',*,*,#542,.T.);
#757=ORIENTED_EDGE('',*,*,#536,.T.);
#758=ORIENTED_EDGE('',*,*,#544,.F.);
#759=ORIENTED_EDGE('',*,*,#545,.T.);
#760=ORIENTED_EDGE('',*,*,#463,.F.);
#761=ORIENTED_EDGE('',*,*,#545,.F.);
#762=ORIENTED_EDGE('',*,*,#546,.F.);
#763=ORIENTED_EDGE('',*,*,#547,.T.);
#764=ORIENTED_EDGE('',*,*,#459,.F.);
#765=ORIENTED_EDGE('',*,*,#547,.F.);
#766=ORIENTED_EDGE('',*,*,#548,.F.);
#767=ORIENTED_EDGE('',*,*,#546,.T.);
#768=ORIENTED_EDGE('',*,*,#549,.F.);
#769=ORIENTED_EDGE('',*,*,#544,.T.);
#770=ORIENTED_EDGE('',*,*,#485,.T.);
#771=ORIENTED_EDGE('',*,*,#550,.T.);
#772=ORIENTED_EDGE('',*,*,#548,.T.);
#773=ORIENTED_EDGE('',*,*,#550,.F.);
#774=ORIENTED_EDGE('',*,*,#460,.F.);
#775=ORIENTED_EDGE('',*,*,#551,.T.);
#776=ORIENTED_EDGE('',*,*,#511,.T.);
#777=ORIENTED_EDGE('',*,*,#551,.F.);
#778=ORIENTED_EDGE('',*,*,#461,.F.);
#779=ORIENTED_EDGE('',*,*,#552,.T.);
#780=ORIENTED_EDGE('',*,*,#514,.T.);
#781=ORIENTED_EDGE('',*,*,#552,.F.);
#782=ORIENTED_EDGE('',*,*,#462,.F.);
#783=ORIENTED_EDGE('',*,*,#553,.T.);
#784=ORIENTED_EDGE('',*,*,#508,.T.);
#785=ORIENTED_EDGE('',*,*,#553,.F.);
#786=ORIENTED_EDGE('',*,*,#489,.T.);
#787=ORIENTED_EDGE('',*,*,#554,.T.);
#788=ORIENTED_EDGE('',*,*,#549,.T.);
#789=ORIENTED_EDGE('',*,*,#554,.F.);
#790=ORIENTED_EDGE('',*,*,#490,.T.);
#791=B_SPLINE_SURFACE_WITH_KNOTS('',3,3,((#1121,#1122,#1123,#1124),(#1125,
#1126,#1127,#1128),(#1129,#1130,#1131,#1132),(#1133,#1134,#1135,#1136)),
 .UNSPECIFIED.,.F.,.F.,.F.,(4,4),(4,4),(0.,1.),(-0.20000000000006,0.),
 .UNSPECIFIED.);
#792=B_SPLINE_SURFACE_WITH_KNOTS('',3,3,((#1600,#1601,#1602,#1603),(#1604,
#1605,#1606,#1607),(#1608,#1609,#1610,#1611),(#1612,#1613,#1614,#1615),
(#1616,#1617,#1618,#1619),(#1620,#1621,#1622,#1623)),.UNSPECIFIED.,.F.,
 .F.,.F.,(4,1,1,4),(4,4),(0.,0.285714285714286,0.571428571428571,1.),(-2.22044604925031E-16,
0.2),.UNSPECIFIED.);
#793=B_SPLINE_SURFACE_WITH_KNOTS('',3,1,((#1633,#1634),(#1635,#1636),(#1637,
#1638),(#1639,#1640),(#1641,#1642),(#1643,#1644),(#1645,#1646),(#1647,#1648),
(#1649,#1650),(#1651,#1652),(#1653,#1654),(#1655,#1656),(#1657,#1658),(#1659,
#1660),(#1661,#1662),(#1663,#1664),(#1665,#1666),(#1667,#1668),(#1669,#1670),
(#1671,#1672),(#1673,#1674)),.UNSPECIFIED.,.F.,.F.,.F.,(4,3,3,2,2,2,2,3,
4),(2,2),(-0.380998860198586,-0.201192964903417,0.658459272060752,0.898026276800105,
1.66759046811096,2.42622836716026,3.30237395253648,3.90794786302416,4.1389384507334),
(-0.0600000000000002,0.15),.UNSPECIFIED.);
#794=B_SPLINE_SURFACE_WITH_KNOTS('',3,1,((#1676,#1677),(#1678,#1679),(#1680,
#1681),(#1682,#1683),(#1684,#1685),(#1686,#1687),(#1688,#1689),(#1690,#1691),
(#1692,#1693),(#1694,#1695)),.UNSPECIFIED.,.F.,.F.,.F.,(4,2,2,2,4),(2,2),
(-0.814246219758943,-0.70316005209647,-0.468773368064313,-0.234386684032156,
0.),(-0.2,0.150000565008408),.UNSPECIFIED.);
#795=B_SPLINE_SURFACE_WITH_KNOTS('',3,1,((#1830,#1831),(#1832,#1833),(#1834,
#1835),(#1836,#1837),(#1838,#1839),(#1840,#1841),(#1842,#1843),(#1844,#1845)),
 .UNSPECIFIED.,.F.,.F.,.F.,(4,2,2,4),(2,2),(-1.31298237966533,-0.949474544872855,
-0.585966710080385,0.),(-0.2,0.15),.UNSPECIFIED.);
#796=B_SPLINE_SURFACE_WITH_KNOTS('',3,3,((#1870,#1871,#1872,#1873),(#1874,
#1875,#1876,#1877),(#1878,#1879,#1880,#1881),(#1882,#1883,#1884,#1885),
(#1886,#1887,#1888,#1889),(#1890,#1891,#1892,#1893)),.UNSPECIFIED.,.F.,
 .F.,.F.,(4,1,1,4),(4,4),(0.,0.285714285714286,0.571428571428571,1.),(3.33066907387548E-16,
0.0500000000000006),.UNSPECIFIED.);
#797=B_SPLINE_SURFACE_WITH_KNOTS('',3,1,((#1925,#1926),(#1927,#1928),(#1929,
#1930),(#1931,#1932),(#1933,#1934),(#1935,#1936),(#1937,#1938),(#1939,#1940),
(#1941,#1942),(#1943,#1944)),.UNSPECIFIED.,.F.,.F.,.F.,(4,2,2,2,4),(2,2),
(-1.06817771264538,-0.827072211362886,-0.585966710080391,-0.292983355040196,
0.),(0.,0.15000070626051),.UNSPECIFIED.);
#798=B_SPLINE_SURFACE_WITH_KNOTS('',3,1,((#1946,#1947),(#1948,#1949),(#1950,
#1951),(#1952,#1953),(#1954,#1955),(#1956,#1957),(#1958,#1959),(#1960,#1961),
(#1962,#1963),(#1964,#1965),(#1966,#1967),(#1968,#1969),(#1970,#1971),(#1972,
#1973),(#1974,#1975),(#1976,#1977),(#1978,#1979),(#1980,#1981),(#1982,#1983),
(#1984,#1985),(#1986,#1987),(#1988,#1989),(#1990,#1991),(#1992,#1993),(#1994,
#1995),(#1996,#1997),(#1998,#1999),(#2000,#2001),(#2002,#2003),(#2004,#2005),
(#2006,#2007),(#2008,#2009),(#2010,#2011),(#2012,#2013),(#2014,#2015),(#2016,
#2017),(#2018,#2019),(#2020,#2021),(#2022,#2023),(#2024,#2025),(#2026,#2027),
(#2028,#2029),(#2030,#2031),(#2032,#2033),(#2034,#2035),(#2036,#2037),(#2038,
#2039),(#2040,#2041),(#2042,#2043),(#2044,#2045),(#2046,#2047),(#2048,#2049),
(#2050,#2051),(#2052,#2053),(#2054,#2055),(#2056,#2057),(#2058,#2059),(#2060,
#2061),(#2062,#2063),(#2064,#2065),(#2066,#2067),(#2068,#2069),(#2070,#2071),
(#2072,#2073),(#2074,#2075),(#2076,#2077),(#2078,#2079),(#2080,#2081),(#2082,
#2083),(#2084,#2085)),.UNSPECIFIED.,.F.,.F.,.F.,(4,3,3,3,3,3,3,3,3,3,3,
3,3,3,3,3,3,3,3,3,3,3,3,4),(2,2),(1.1781375208342,1.5672851600724,1.62914345038929,
1.99010321903031,2.08641870978503,2.1850536926336,2.59693470781132,2.84432056000888,
3.01400082636669,3.18363220689906,3.45513353704544,3.62147664644363,4.09435453421886,
4.23383288184427,4.63416193663969,4.916135378357,5.24823616788302,5.70361730958949,
6.04968512494854,6.38280252754562,6.63822683282059,6.81469727748396,6.92568335250769,
7.40449974864547),(0.,0.152071624079812),.UNSPECIFIED.);
#799=B_SPLINE_SURFACE_WITH_KNOTS('',3,1,((#2158,#2159),(#2160,#2161),(#2162,
#2163),(#2164,#2165),(#2166,#2167),(#2168,#2169),(#2170,#2171),(#2172,#2173),
(#2174,#2175),(#2176,#2177),(#2178,#2179),(#2180,#2181)),.UNSPECIFIED.,
 .F.,.F.,.F.,(4,2,2,2,2,4),(2,2),(-1.62106350848734,-1.33790179331602,-1.0547400781447,
-0.70316005209647,-0.351580026048235,0.),(0.,0.15000084751261),
 .UNSPECIFIED.);
#800=B_SPLINE_SURFACE_WITH_KNOTS('',3,1,((#2200,#2201),(#2202,#2203),(#2204,
#2205),(#2206,#2207),(#2208,#2209),(#2210,#2211),(#2212,#2213),(#2214,#2215)),
 .UNSPECIFIED.,.F.,.F.,.F.,(4,2,2,4),(2,2),(-0.423395760685716,-0.299592886854917,
-0.175790013024117,0.),(0.,0.150000423756305),.UNSPECIFIED.);
#801=B_SPLINE_SURFACE_WITH_KNOTS('',3,1,((#2229,#2230),(#2231,#2232),(#2233,
#2234),(#2235,#2236),(#2237,#2238),(#2239,#2240),(#2241,#2242),(#2243,#2244),
(#2245,#2246),(#2247,#2248)),.UNSPECIFIED.,.F.,.F.,.F.,(4,2,2,2,4),(2,2),
(7.80698892614621,8.46337155177807,9.34821414808267,9.75992774693794,9.88689937979613),
(0.,0.150486541550105),.UNSPECIFIED.);
#802=B_SPLINE_SURFACE_WITH_KNOTS('',3,1,((#2249,#2250),(#2251,#2252),(#2253,
#2254),(#2255,#2256),(#2257,#2258),(#2259,#2260),(#2261,#2262),(#2263,#2264),
(#2265,#2266),(#2267,#2268),(#2269,#2270),(#2271,#2272)),.UNSPECIFIED.,
 .F.,.F.,.F.,(4,2,2,2,2,4),(2,2),(-0.924851964390275,-0.755409337235334,
-0.585966710080392,-0.390644473386927,-0.195322236693463,0.),(-0.2,0.150000470840341),
 .UNSPECIFIED.);
#803=B_SPLINE_SURFACE_WITH_KNOTS('',3,3,((#2357,#2358,#2359,#2360),(#2361,
#2362,#2363,#2364),(#2365,#2366,#2367,#2368),(#2369,#2370,#2371,#2372),
(#2373,#2374,#2375,#2376),(#2377,#2378,#2379,#2380),(#2381,#2382,#2383,
#2384)),.UNSPECIFIED.,.F.,.F.,.F.,(4,1,1,1,4),(4,4),(0.,0.285714285714286,
0.571428571428571,0.714285714285714,1.),(0.150000000000001,0.200000000000001),
 .UNSPECIFIED.);
#804=B_SPLINE_SURFACE_WITH_KNOTS('',3,3,((#2394,#2395,#2396,#2397),(#2398,
#2399,#2400,#2401),(#2402,#2403,#2404,#2405),(#2406,#2407,#2408,#2409)),
 .UNSPECIFIED.,.F.,.F.,.F.,(4,4),(4,4),(0.,1.),(2.22044604925031E-16,0.0500000000000004),
 .UNSPECIFIED.);
#805=ADVANCED_FACE('',(#198),#791,.F.);
#806=ADVANCED_FACE('',(#199,#36,#37,#38,#39,#40,#41,#42,#43),#183,.F.);
#807=ADVANCED_FACE('',(#200,#44,#45,#46,#47,#48,#49,#50,#51),#184,.T.);
#808=ADVANCED_FACE('',(#201,#52),#185,.F.);
#809=ADVANCED_FACE('',(#202),#17,.F.);
#810=ADVANCED_FACE('',(#203),#792,.T.);
#811=ADVANCED_FACE('',(#204),#186,.T.);
#812=ADVANCED_FACE('',(#205),#793,.T.);
#813=ADVANCED_FACE('',(#206),#794,.T.);
#814=ADVANCED_FACE('',(#207),#18,.F.);
#815=ADVANCED_FACE('',(#208),#15,.F.);
#816=ADVANCED_FACE('',(#209),#795,.T.);
#817=ADVANCED_FACE('',(#210),#19,.F.);
#818=ADVANCED_FACE('',(#211,#53),#187,.F.);
#819=ADVANCED_FACE('',(#212),#20,.F.);
#820=ADVANCED_FACE('',(#213,#54),#188,.F.);
#821=ADVANCED_FACE('',(#214),#21,.F.);
#822=ADVANCED_FACE('',(#215,#55),#189,.F.);
#823=ADVANCED_FACE('',(#216),#22,.F.);
#824=ADVANCED_FACE('',(#217),#796,.F.);
#825=ADVANCED_FACE('',(#218),#190,.T.);
#826=ADVANCED_FACE('',(#219),#23,.T.);
#827=ADVANCED_FACE('',(#220),#191,.T.);
#828=ADVANCED_FACE('',(#221),#24,.T.);
#829=ADVANCED_FACE('',(#222),#192,.T.);
#830=ADVANCED_FACE('',(#223),#797,.T.);
#831=ADVANCED_FACE('',(#224),#798,.T.);
#832=ADVANCED_FACE('',(#225),#799,.T.);
#833=ADVANCED_FACE('',(#226),#800,.T.);
#834=ADVANCED_FACE('',(#227),#801,.T.);
#835=ADVANCED_FACE('',(#228),#802,.T.);
#836=ADVANCED_FACE('',(#229),#16,.F.);
#837=ADVANCED_FACE('',(#230),#803,.F.);
#838=ADVANCED_FACE('',(#231),#193,.T.);
#839=ADVANCED_FACE('',(#232),#804,.F.);
#840=ADVANCED_FACE('',(#233),#25,.F.);
#841=ADVANCED_FACE('',(#234),#26,.F.);
#842=ADVANCED_FACE('',(#235),#27,.T.);
#843=ADVANCED_FACE('',(#236,#56),#194,.T.);
#844=ADVANCED_FACE('',(#237),#28,.T.);
#845=ADVANCED_FACE('',(#238,#57),#195,.T.);
#846=ADVANCED_FACE('',(#239),#29,.F.);
#847=ADVANCED_FACE('',(#240),#30,.F.);
#848=ADVANCED_FACE('',(#241,#58),#196,.T.);
#849=ADVANCED_FACE('',(#242,#59),#197,.T.);
#850=ADVANCED_FACE('',(#243),#31,.T.);
#851=ADVANCED_FACE('',(#244),#32,.F.);
#852=ADVANCED_FACE('',(#245),#33,.F.);
#853=ADVANCED_FACE('',(#246),#34,.F.);
#854=ADVANCED_FACE('',(#247),#35,.T.);
#855=CLOSED_SHELL('',(#805,#806,#807,#808,#809,#810,#811,#812,#813,#814,
#815,#816,#817,#818,#819,#820,#821,#822,#823,#824,#825,#826,#827,#828,#829,
#830,#831,#832,#833,#834,#835,#836,#837,#838,#839,#840,#841,#842,#843,#844,
#845,#846,#847,#848,#849,#850,#851,#852,#853,#854));
#856=AXIS2_PLACEMENT_3D('',#1120,#930,#931);
#857=AXIS2_PLACEMENT_3D('',#1159,#932,#933);
#858=AXIS2_PLACEMENT_3D('',#1161,#934,#935);
#859=AXIS2_PLACEMENT_3D('',#1302,#938,#939);
#860=AXIS2_PLACEMENT_3D('',#1306,#941,#942);
#861=AXIS2_PLACEMENT_3D('',#1360,#945,#946);
#862=AXIS2_PLACEMENT_3D('',#1362,#947,#948);
#863=AXIS2_PLACEMENT_3D('',#1364,#949,#950);
#864=AXIS2_PLACEMENT_3D('',#1366,#951,#952);
#865=AXIS2_PLACEMENT_3D('',#1368,#953,#954);
#866=AXIS2_PLACEMENT_3D('',#1370,#955,#956);
#867=AXIS2_PLACEMENT_3D('',#1372,#957,#958);
#868=AXIS2_PLACEMENT_3D('',#1374,#959,#960);
#869=AXIS2_PLACEMENT_3D('',#1375,#961,#962);
#870=AXIS2_PLACEMENT_3D('',#1430,#965,#966);
#871=AXIS2_PLACEMENT_3D('',#1434,#968,#969);
#872=AXIS2_PLACEMENT_3D('',#1574,#972,#973);
#873=AXIS2_PLACEMENT_3D('',#1576,#974,#975);
#874=AXIS2_PLACEMENT_3D('',#1578,#976,#977);
#875=AXIS2_PLACEMENT_3D('',#1580,#978,#979);
#876=AXIS2_PLACEMENT_3D('',#1582,#980,#981);
#877=AXIS2_PLACEMENT_3D('',#1585,#982,#983);
#878=AXIS2_PLACEMENT_3D('',#1586,#984,#985);
#879=AXIS2_PLACEMENT_3D('',#1588,#986,#987);
#880=AXIS2_PLACEMENT_3D('',#1590,#988,#989);
#881=AXIS2_PLACEMENT_3D('',#1592,#990,#991);
#882=AXIS2_PLACEMENT_3D('',#1593,#992,#993);
#883=AXIS2_PLACEMENT_3D('',#1595,#994,#995);
#884=AXIS2_PLACEMENT_3D('',#1597,#996,#997);
#885=AXIS2_PLACEMENT_3D('',#1598,#998,#999);
#886=AXIS2_PLACEMENT_3D('',#1632,#1001,#1002);
#887=AXIS2_PLACEMENT_3D('',#1697,#1005,#1006);
#888=AXIS2_PLACEMENT_3D('',#1847,#1010,#1011);
#889=AXIS2_PLACEMENT_3D('',#1850,#1013,#1014);
#890=AXIS2_PLACEMENT_3D('',#1851,#1015,#1016);
#891=AXIS2_PLACEMENT_3D('',#1853,#1017,#1018);
#892=AXIS2_PLACEMENT_3D('',#1854,#1019,#1020);
#893=AXIS2_PLACEMENT_3D('',#1857,#1022,#1023);
#894=AXIS2_PLACEMENT_3D('',#1858,#1024,#1025);
#895=AXIS2_PLACEMENT_3D('',#1860,#1026,#1027);
#896=AXIS2_PLACEMENT_3D('',#1861,#1028,#1029);
#897=AXIS2_PLACEMENT_3D('',#1864,#1031,#1032);
#898=AXIS2_PLACEMENT_3D('',#1865,#1033,#1034);
#899=AXIS2_PLACEMENT_3D('',#1867,#1035,#1036);
#900=AXIS2_PLACEMENT_3D('',#1868,#1037,#1038);
#901=AXIS2_PLACEMENT_3D('',#1914,#1040,#1041);
#902=AXIS2_PLACEMENT_3D('',#1917,#1044,#1045);
#903=AXIS2_PLACEMENT_3D('',#1919,#1047,#1048);
#904=AXIS2_PLACEMENT_3D('',#1921,#1050,#1051);
#905=AXIS2_PLACEMENT_3D('',#1923,#1053,#1054);
#906=AXIS2_PLACEMENT_3D('',#2389,#1061,#1062);
#907=AXIS2_PLACEMENT_3D('',#2410,#1063,#1064);
#908=AXIS2_PLACEMENT_3D('',#2412,#1065,#1066);
#909=AXIS2_PLACEMENT_3D('',#2414,#1068,#1069);
#910=AXIS2_PLACEMENT_3D('',#2416,#1070,#1071);
#911=AXIS2_PLACEMENT_3D('',#2418,#1073,#1074);
#912=AXIS2_PLACEMENT_3D('',#2420,#1075,#1076);
#913=AXIS2_PLACEMENT_3D('',#2422,#1078,#1079);
#914=AXIS2_PLACEMENT_3D('',#2423,#1080,#1081);
#915=AXIS2_PLACEMENT_3D('',#2425,#1082,#1083);
#916=AXIS2_PLACEMENT_3D('',#2427,#1085,#1086);
#917=AXIS2_PLACEMENT_3D('',#2428,#1087,#1088);
#918=AXIS2_PLACEMENT_3D('',#2430,#1089,#1090);
#919=AXIS2_PLACEMENT_3D('',#2432,#1092,#1093);
#920=AXIS2_PLACEMENT_3D('',#2434,#1094,#1095);
#921=AXIS2_PLACEMENT_3D('',#2436,#1097,#1098);
#922=AXIS2_PLACEMENT_3D('',#2438,#1099,#1100);
#923=AXIS2_PLACEMENT_3D('',#2439,#1101,#1102);
#924=AXIS2_PLACEMENT_3D('',#2441,#1103,#1104);
#925=AXIS2_PLACEMENT_3D('',#2442,#1105,#1106);
#926=AXIS2_PLACEMENT_3D('',#2444,#1108,#1109);
#927=AXIS2_PLACEMENT_3D('',#2446,#1111,#1112);
#928=AXIS2_PLACEMENT_3D('',#2448,#1114,#1115);
#929=AXIS2_PLACEMENT_3D('',#2450,#1117,#1118);
#930=DIRECTION('axis',(0.,0.,1.));
#931=DIRECTION('refdir',(1.,0.,0.));
#932=DIRECTION('center_axis',(0.,0.,1.));
#933=DIRECTION('ref_axis',(1.,0.,0.));
#934=DIRECTION('center_axis',(0.,0.,1.));
#935=DIRECTION('ref_axis',(1.,0.,0.));
#936=DIRECTION('',(0.,1.,0.));
#937=DIRECTION('',(0.,1.,0.));
#938=DIRECTION('center_axis',(0.,0.,-1.));
#939=DIRECTION('ref_axis',(-0.707106781186548,0.707106781186548,0.));
#940=DIRECTION('',(1.,0.,0.));
#941=DIRECTION('center_axis',(0.,0.,-1.));
#942=DIRECTION('ref_axis',(0.707106781186548,0.707106781186548,0.));
#943=DIRECTION('',(0.,-1.,0.));
#944=DIRECTION('',(-1.,0.,0.));
#945=DIRECTION('center_axis',(0.,0.,1.));
#946=DIRECTION('ref_axis',(1.,0.,0.));
#947=DIRECTION('center_axis',(0.,0.,1.));
#948=DIRECTION('ref_axis',(-1.,0.,0.));
#949=DIRECTION('center_axis',(0.,0.,1.));
#950=DIRECTION('ref_axis',(-1.,0.,0.));
#951=DIRECTION('center_axis',(0.,0.,1.));
#952=DIRECTION('ref_axis',(-1.,0.,0.));
#953=DIRECTION('center_axis',(0.,0.,1.));
#954=DIRECTION('ref_axis',(1.,0.,0.));
#955=DIRECTION('center_axis',(0.,0.,1.));
#956=DIRECTION('ref_axis',(1.,0.,0.));
#957=DIRECTION('center_axis',(0.,0.,1.));
#958=DIRECTION('ref_axis',(1.,0.,0.));
#959=DIRECTION('center_axis',(0.,0.,1.));
#960=DIRECTION('ref_axis',(-1.,0.,0.));
#961=DIRECTION('center_axis',(0.,0.,1.));
#962=DIRECTION('ref_axis',(1.,0.,0.));
#963=DIRECTION('',(1.,0.,0.));
#964=DIRECTION('',(0.,-1.,0.));
#965=DIRECTION('center_axis',(0.,0.,-1.));
#966=DIRECTION('ref_axis',(0.707106781186548,0.707106781186548,0.));
#967=DIRECTION('',(1.,0.,0.));
#968=DIRECTION('center_axis',(0.,0.,-1.));
#969=DIRECTION('ref_axis',(-0.707106781186548,0.707106781186548,0.));
#970=DIRECTION('',(0.,1.,0.));
#971=DIRECTION('',(0.,1.,0.));
#972=DIRECTION('center_axis',(0.,0.,1.));
#973=DIRECTION('ref_axis',(1.,0.,0.));
#974=DIRECTION('center_axis',(0.,0.,1.));
#975=DIRECTION('ref_axis',(-1.,0.,0.));
#976=DIRECTION('center_axis',(0.,0.,1.));
#977=DIRECTION('ref_axis',(1.,0.,0.));
#978=DIRECTION('center_axis',(0.,0.,1.));
#979=DIRECTION('ref_axis',(1.,0.,0.));
#980=DIRECTION('center_axis',(0.,0.,1.));
#981=DIRECTION('ref_axis',(-1.,0.,0.));
#982=DIRECTION('center_axis',(0.,0.,1.));
#983=DIRECTION('ref_axis',(-1.,0.,0.));
#984=DIRECTION('center_axis',(0.,0.,1.));
#985=DIRECTION('ref_axis',(-1.,0.,0.));
#986=DIRECTION('center_axis',(0.,0.,1.));
#987=DIRECTION('ref_axis',(-1.,0.,0.));
#988=DIRECTION('center_axis',(0.,0.,1.));
#989=DIRECTION('ref_axis',(1.,0.,0.));
#990=DIRECTION('center_axis',(0.,0.,1.));
#991=DIRECTION('ref_axis',(1.,0.,0.));
#992=DIRECTION('center_axis',(0.,0.,-1.));
#993=DIRECTION('ref_axis',(1.,0.,0.));
#994=DIRECTION('center_axis',(0.,0.,-1.));
#995=DIRECTION('ref_axis',(1.,0.,0.));
#996=DIRECTION('center_axis',(0.,0.,1.));
#997=DIRECTION('ref_axis',(-1.,0.,0.));
#998=DIRECTION('center_axis',(0.,0.,-1.));
#999=DIRECTION('ref_axis',(1.,0.,0.));
#1000=DIRECTION('',(0.,0.,-1.));
#1001=DIRECTION('center_axis',(0.,-1.,0.));
#1002=DIRECTION('ref_axis',(-1.,0.,0.));
#1003=DIRECTION('',(0.,0.,-1.));
#1004=DIRECTION('',(0.,0.,-1.));
#1005=DIRECTION('center_axis',(0.,0.,-1.));
#1006=DIRECTION('ref_axis',(1.,0.,0.));
#1007=DIRECTION('',(0.,0.,-1.));
#1008=DIRECTION('',(0.,0.,-1.));
#1009=DIRECTION('',(0.,0.,-1.));
#1010=DIRECTION('center_axis',(0.,0.,-1.));
#1011=DIRECTION('ref_axis',(1.,0.,0.));
#1012=DIRECTION('',(0.,0.,-1.));
#1013=DIRECTION('center_axis',(0.,0.,-1.));
#1014=DIRECTION('ref_axis',(1.,0.,0.));
#1015=DIRECTION('center_axis',(0.,0.,-1.));
#1016=DIRECTION('ref_axis',(1.,0.,0.));
#1017=DIRECTION('center_axis',(0.,0.,1.));
#1018=DIRECTION('ref_axis',(-1.,0.,0.));
#1019=DIRECTION('center_axis',(0.,0.,-1.));
#1020=DIRECTION('ref_axis',(1.,0.,0.));
#1021=DIRECTION('',(0.,0.,-1.));
#1022=DIRECTION('center_axis',(0.,0.,-1.));
#1023=DIRECTION('ref_axis',(1.,0.,0.));
#1024=DIRECTION('center_axis',(0.,0.,-1.));
#1025=DIRECTION('ref_axis',(1.,0.,0.));
#1026=DIRECTION('center_axis',(0.,0.,1.));
#1027=DIRECTION('ref_axis',(-1.,0.,0.));
#1028=DIRECTION('center_axis',(0.,0.,-1.));
#1029=DIRECTION('ref_axis',(1.,0.,0.));
#1030=DIRECTION('',(0.,0.,-1.));
#1031=DIRECTION('center_axis',(0.,0.,-1.));
#1032=DIRECTION('ref_axis',(1.,0.,0.));
#1033=DIRECTION('center_axis',(0.,0.,-1.));
#1034=DIRECTION('ref_axis',(1.,0.,0.));
#1035=DIRECTION('center_axis',(0.,0.,1.));
#1036=DIRECTION('ref_axis',(-1.,0.,0.));
#1037=DIRECTION('center_axis',(0.,0.,1.));
#1038=DIRECTION('ref_axis',(-1.,0.,0.));
#1039=DIRECTION('',(0.,0.,1.));
#1040=DIRECTION('center_axis',(-1.,0.,0.));
#1041=DIRECTION('ref_axis',(0.,-1.,0.));
#1042=DIRECTION('',(0.,0.,-1.));
#1043=DIRECTION('',(0.,0.,-1.));
#1044=DIRECTION('center_axis',(0.,0.,1.));
#1045=DIRECTION('ref_axis',(-0.707106781186548,0.707106781186548,0.));
#1046=DIRECTION('',(0.,0.,-1.));
#1047=DIRECTION('center_axis',(0.,1.,0.));
#1048=DIRECTION('ref_axis',(-1.,0.,0.));
#1049=DIRECTION('',(0.,0.,-1.));
#1050=DIRECTION('center_axis',(0.,0.,1.));
#1051=DIRECTION('ref_axis',(0.707106781186548,0.707106781186548,0.));
#1052=DIRECTION('',(0.,0.,-1.));
#1053=DIRECTION('center_axis',(1.,0.,0.));
#1054=DIRECTION('ref_axis',(0.,1.,0.));
#1055=DIRECTION('',(0.,0.,-1.));
#1056=DIRECTION('',(0.,0.,-1.));
#1057=DIRECTION('',(0.,0.,-1.));
#1058=DIRECTION('',(0.,0.,-1.));
#1059=DIRECTION('',(0.,0.,-1.));
#1060=DIRECTION('',(0.,0.,-1.));
#1061=DIRECTION('center_axis',(-1.,0.,0.));
#1062=DIRECTION('ref_axis',(0.,-1.,0.));
#1063=DIRECTION('center_axis',(0.,0.,-1.));
#1064=DIRECTION('ref_axis',(1.,0.,0.));
#1065=DIRECTION('center_axis',(0.,0.,-1.));
#1066=DIRECTION('ref_axis',(1.,0.,0.));
#1067=DIRECTION('',(0.,0.,-1.));
#1068=DIRECTION('center_axis',(0.,0.,-1.));
#1069=DIRECTION('ref_axis',(1.,0.,0.));
#1070=DIRECTION('center_axis',(0.,0.,-1.));
#1071=DIRECTION('ref_axis',(1.,0.,0.));
#1072=DIRECTION('',(0.,0.,-1.));
#1073=DIRECTION('center_axis',(0.,0.,1.));
#1074=DIRECTION('ref_axis',(-1.,0.,0.));
#1075=DIRECTION('center_axis',(0.,0.,1.));
#1076=DIRECTION('ref_axis',(-1.,0.,0.));
#1077=DIRECTION('',(0.,0.,-1.));
#1078=DIRECTION('center_axis',(0.,0.,1.));
#1079=DIRECTION('ref_axis',(-1.,0.,0.));
#1080=DIRECTION('center_axis',(0.,0.,1.));
#1081=DIRECTION('ref_axis',(-1.,0.,0.));
#1082=DIRECTION('center_axis',(0.,0.,1.));
#1083=DIRECTION('ref_axis',(-1.,0.,0.));
#1084=DIRECTION('',(0.,0.,-1.));
#1085=DIRECTION('center_axis',(0.,0.,1.));
#1086=DIRECTION('ref_axis',(-1.,0.,0.));
#1087=DIRECTION('center_axis',(0.,0.,-1.));
#1088=DIRECTION('ref_axis',(1.,0.,0.));
#1089=DIRECTION('center_axis',(0.,0.,-1.));
#1090=DIRECTION('ref_axis',(1.,0.,0.));
#1091=DIRECTION('',(0.,0.,-1.));
#1092=DIRECTION('center_axis',(0.,0.,-1.));
#1093=DIRECTION('ref_axis',(1.,0.,0.));
#1094=DIRECTION('center_axis',(0.,0.,-1.));
#1095=DIRECTION('ref_axis',(1.,0.,0.));
#1096=DIRECTION('',(0.,0.,-1.));
#1097=DIRECTION('center_axis',(0.,0.,1.));
#1098=DIRECTION('ref_axis',(1.,0.,0.));
#1099=DIRECTION('center_axis',(0.,0.,-1.));
#1100=DIRECTION('ref_axis',(-1.,0.,0.));
#1101=DIRECTION('center_axis',(0.,0.,1.));
#1102=DIRECTION('ref_axis',(1.,0.,0.));
#1103=DIRECTION('center_axis',(0.,0.,-1.));
#1104=DIRECTION('ref_axis',(-1.,0.,0.));
#1105=DIRECTION('center_axis',(0.,0.,-1.));
#1106=DIRECTION('ref_axis',(-1.,0.,0.));
#1107=DIRECTION('',(0.,0.,1.));
#1108=DIRECTION('center_axis',(0.,0.,1.));
#1109=DIRECTION('ref_axis',(-1.,0.,0.));
#1110=DIRECTION('',(0.,0.,1.));
#1111=DIRECTION('center_axis',(0.,0.,1.));
#1112=DIRECTION('ref_axis',(-1.,0.,0.));
#1113=DIRECTION('',(0.,0.,1.));
#1114=DIRECTION('center_axis',(0.,0.,1.));
#1115=DIRECTION('ref_axis',(-1.,0.,0.));
#1116=DIRECTION('',(0.,0.,1.));
#1117=DIRECTION('center_axis',(0.,0.,-1.));
#1118=DIRECTION('ref_axis',(-1.,0.,0.));
#1119=DIRECTION('',(0.,0.,1.));
#1120=CARTESIAN_POINT('',(0.,0.,0.));
#1121=CARTESIAN_POINT('Ctrl Pts',(-16.0569081347052,-57.0000007897615,2.5));
#1122=CARTESIAN_POINT('Ctrl Pts',(-16.0569081347052,-57.0000007897615,3.16666666662433));
#1123=CARTESIAN_POINT('Ctrl Pts',(-16.0569081347052,-57.0000007897615,3.83333333333328));
#1124=CARTESIAN_POINT('Ctrl Pts',(-16.0569081347052,-57.0000007897615,4.50000000000015));
#1125=CARTESIAN_POINT('Ctrl Pts',(-17.8066495067165,-57.0617966119446,2.4999999999998));
#1126=CARTESIAN_POINT('Ctrl Pts',(-17.8066495067165,-57.0617966119446,3.16666666663805));
#1127=CARTESIAN_POINT('Ctrl Pts',(-17.8066495067165,-57.0617966119446,3.83333333333328));
#1128=CARTESIAN_POINT('Ctrl Pts',(-17.8066495067165,-57.0617966119446,4.50000000000015));
#1129=CARTESIAN_POINT('Ctrl Pts',(-19.5635500152323,-56.9184333570723,2.4999999999996));
#1130=CARTESIAN_POINT('Ctrl Pts',(-19.5635500152323,-56.9184333570723,3.16666666665216));
#1131=CARTESIAN_POINT('Ctrl Pts',(-19.5635500152323,-56.9184333570723,3.83333333333328));
#1132=CARTESIAN_POINT('Ctrl Pts',(-19.5635500152323,-56.9184333570723,4.50000000000015));
#1133=CARTESIAN_POINT('Ctrl Pts',(-21.2801255618595,-56.5737857322594,2.4999999999994));
#1134=CARTESIAN_POINT('Ctrl Pts',(-21.2801255618595,-56.5737857322594,3.16666666666627));
#1135=CARTESIAN_POINT('Ctrl Pts',(-21.2801255618595,-56.5737857322594,3.83333333333328));
#1136=CARTESIAN_POINT('Ctrl Pts',(-21.2801255618595,-56.5737857322594,4.50000000000014));
#1137=CARTESIAN_POINT('',(-16.0569081347052,-57.0000007897615,4.5));
#1138=CARTESIAN_POINT('',(-21.2801255618595,-56.5737857322594,4.50000000000004));
#1139=CARTESIAN_POINT('Ctrl Pts',(-16.0569081347052,-57.0000007897615,4.50000000000015));
#1140=CARTESIAN_POINT('Ctrl Pts',(-17.8066495067165,-57.0617966119446,4.50000000000015));
#1141=CARTESIAN_POINT('Ctrl Pts',(-19.5635500152323,-56.9184333570723,4.50000000000015));
#1142=CARTESIAN_POINT('Ctrl Pts',(-21.2801255618595,-56.5737857322594,4.50000000000014));
#1143=CARTESIAN_POINT('',(-21.2801255618595,-56.5737857322594,2.4999999999997));
#1144=CARTESIAN_POINT('Ctrl Pts',(-21.2801255618595,-56.5737857322594,4.50000000000014));
#1145=CARTESIAN_POINT('Ctrl Pts',(-21.2801255618595,-56.5737857322594,3.83333333333328));
#1146=CARTESIAN_POINT('Ctrl Pts',(-21.2801255618595,-56.5737857322594,3.16666666666627));
#1147=CARTESIAN_POINT('Ctrl Pts',(-21.2801255618595,-56.5737857322594,2.4999999999994));
#1148=CARTESIAN_POINT('',(-16.0569081347052,-57.0000007897615,2.5));
#1149=CARTESIAN_POINT('Ctrl Pts',(-21.2801255618595,-56.5737857322594,2.4999999999994));
#1150=CARTESIAN_POINT('Ctrl Pts',(-19.5635500152323,-56.9184333570723,2.4999999999996));
#1151=CARTESIAN_POINT('Ctrl Pts',(-17.8066495067165,-57.0617966119446,2.4999999999998));
#1152=CARTESIAN_POINT('Ctrl Pts',(-16.0569081347052,-57.0000007897615,2.5));
#1153=CARTESIAN_POINT('Ctrl Pts',(-16.0569081347052,-57.0000007897615,2.5));
#1154=CARTESIAN_POINT('Ctrl Pts',(-16.0569081347052,-57.0000007897615,2.83333333333333));
#1155=CARTESIAN_POINT('Ctrl Pts',(-16.0569081347052,-57.0000007897615,3.16666666666667));
#1156=CARTESIAN_POINT('Ctrl Pts',(-16.0569081347052,-57.0000007897615,3.83333333333334));
#1157=CARTESIAN_POINT('Ctrl Pts',(-16.0569081347052,-57.0000007897615,4.16666666666667));
#1158=CARTESIAN_POINT('Ctrl Pts',(-16.0569081347052,-57.0000007897615,4.5));
#1159=CARTESIAN_POINT('Origin',(0.,0.,2.5));
#1160=CARTESIAN_POINT('',(-21.2829012066837,-56.5732304917612,2.5));
#1161=CARTESIAN_POINT('Origin',(-21.6738213295854,-58.5346538161638,2.5));
#1162=CARTESIAN_POINT('',(-31.5106777318541,-49.0613672310024,2.5));
#1163=CARTESIAN_POINT('Ctrl Pts',(-21.2829012066837,-56.5732304917612,2.5));
#1164=CARTESIAN_POINT('Ctrl Pts',(-22.4712224496254,-56.3363929460065,2.5));
#1165=CARTESIAN_POINT('Ctrl Pts',(-23.6264805169495,-55.9564374839241,2.5));
#1166=CARTESIAN_POINT('Ctrl Pts',(-24.7233955313847,-55.4416784620388,2.5));
#1167=CARTESIAN_POINT('Ctrl Pts',(-25.8203105458199,-54.9269194401534,2.5));
#1168=CARTESIAN_POINT('Ctrl Pts',(-26.8508226548203,-54.2811391768386,2.5));
#1169=CARTESIAN_POINT('Ctrl Pts',(-27.7923817283511,-53.5184689266272,2.5));
#1170=CARTESIAN_POINT('Ctrl Pts',(-29.3101544414982,-52.2890610992892,2.5));
#1171=CARTESIAN_POINT('Ctrl Pts',(-30.5732857336134,-50.7749523197354,2.5));
#1172=CARTESIAN_POINT('Ctrl Pts',(-31.5106777318541,-49.0613672310024,2.5));
#1173=CARTESIAN_POINT('',(-43.1584376340472,-26.8846256240273,2.5));
#1174=CARTESIAN_POINT('Ctrl Pts',(-31.5106777318541,-49.0613672310024,2.5));
#1175=CARTESIAN_POINT('Ctrl Pts',(-32.7681986283034,-46.7625754118167,2.5));
#1176=CARTESIAN_POINT('Ctrl Pts',(-33.8911109514047,-44.1395875520141,2.5));
#1177=CARTESIAN_POINT('Ctrl Pts',(-36.5171236538101,-37.8093397686073,2.5));
#1178=CARTESIAN_POINT('Ctrl Pts',(-37.981200808679,-34.1318892241999,2.5));
#1179=CARTESIAN_POINT('Ctrl Pts',(-40.4097055579858,-29.8995145839843,2.5));
#1180=CARTESIAN_POINT('Ctrl Pts',(-41.2628147298059,-28.6550174319419,2.5));
#1181=CARTESIAN_POINT('Ctrl Pts',(-42.5067123288848,-27.4094340669545,2.5));
#1182=CARTESIAN_POINT('Ctrl Pts',(-42.8219294445449,-27.1310136554725,2.5));
#1183=CARTESIAN_POINT('Ctrl Pts',(-43.1584376340472,-26.8846256240273,2.5));
#1184=CARTESIAN_POINT('',(-45.0000006705523,-23.2538250358479,2.5));
#1185=CARTESIAN_POINT('Ctrl Pts',(-43.1584376340472,-26.8846256240273,2.5));
#1186=CARTESIAN_POINT('Ctrl Pts',(-43.4914032245088,-26.6408314492282,2.5));
#1187=CARTESIAN_POINT('Ctrl Pts',(-43.7892557982994,-26.3523896049164,2.5));
#1188=CARTESIAN_POINT('Ctrl Pts',(-44.043610624623,-26.027419904139,2.5));
#1189=CARTESIAN_POINT('Ctrl Pts',(-44.2979654509465,-25.7024502033617,2.5));
#1190=CARTESIAN_POINT('Ctrl Pts',(-44.5064131739279,-25.3440308957796,2.5));
#1191=CARTESIAN_POINT('Ctrl Pts',(-44.6630858636042,-24.9622517025187,2.5));
#1192=CARTESIAN_POINT('Ctrl Pts',(-44.8855483421114,-24.4201562948838,2.5));
#1193=CARTESIAN_POINT('Ctrl Pts',(-45.0000006705523,-23.8397917459283,2.5));
#1194=CARTESIAN_POINT('Ctrl Pts',(-45.0000006705523,-23.2538250358479,2.5));
#1195=CARTESIAN_POINT('',(-45.0000006705523,-21.576854484333,2.5));
#1196=CARTESIAN_POINT('',(-45.0000006705523,39.0000005811453,2.5));
#1197=CARTESIAN_POINT('',(-33.9883584613244,-12.8045517295227,2.5));
#1198=CARTESIAN_POINT('Ctrl Pts',(-45.0000006705523,-21.576854484333,2.5));
#1199=CARTESIAN_POINT('Ctrl Pts',(-45.0000006705523,-20.6329821004286,2.5));
#1200=CARTESIAN_POINT('Ctrl Pts',(-44.8515181577027,-19.6949582991604,2.5));
#1201=CARTESIAN_POINT('Ctrl Pts',(-44.5600058732332,-18.7972302417283,2.5));
#1202=CARTESIAN_POINT('Ctrl Pts',(-44.2684935887636,-17.8995021842963,2.5));
#1203=CARTESIAN_POINT('Ctrl Pts',(-43.837564168692,-17.0531951813213,2.5));
#1204=CARTESIAN_POINT('Ctrl Pts',(-43.283042686091,-16.2893882669565,2.5));
#1205=CARTESIAN_POINT('Ctrl Pts',(-42.5945362007449,-15.3410282293515,2.5));
#1206=CARTESIAN_POINT('Ctrl Pts',(-41.7273764089281,-14.5362156572979,2.5));
#1207=CARTESIAN_POINT('Ctrl Pts',(-40.7303731350806,-13.920251037188,2.5));
#1208=CARTESIAN_POINT('Ctrl Pts',(-39.7333698612331,-13.3042864170781,2.5));
#1209=CARTESIAN_POINT('Ctrl Pts',(-38.6255868947685,-12.8889476639018,2.5));
#1210=CARTESIAN_POINT('Ctrl Pts',(-37.4693780171017,-12.6976129506519,2.5));
#1211=CARTESIAN_POINT('Ctrl Pts',(-36.313169139435,-12.5062782374021,2.5));
#1212=CARTESIAN_POINT('Ctrl Pts',(-35.1306423246722,-12.5426060923671,2.5));
#1213=CARTESIAN_POINT('Ctrl Pts',(-33.9883584613244,-12.8045517295227,2.5));
#1214=CARTESIAN_POINT('',(-38.6236338309972,65.9166706683781,2.5));
#1215=CARTESIAN_POINT('Ctrl Pts',(-33.9883584613244,-12.8045517295227,2.5));
#1216=CARTESIAN_POINT('Ctrl Pts',(-32.4469723140346,-13.158018489765,2.5));
#1217=CARTESIAN_POINT('Ctrl Pts',(-30.7572296473515,-13.4915269131173,2.5));
#1218=CARTESIAN_POINT('Ctrl Pts',(-28.8821810625955,-13.8382953525817,2.5));
#1219=CARTESIAN_POINT('Ctrl Pts',(-28.5841263193079,-13.8934171126497,2.5));
#1220=CARTESIAN_POINT('Ctrl Pts',(-28.2649249227005,-13.9520213520332,2.5));
#1221=CARTESIAN_POINT('Ctrl Pts',(-27.824811047087,-14.0318037646568,2.5));
#1222=CARTESIAN_POINT('Ctrl Pts',(-25.2566281583696,-14.4973556099265,2.5));
#1223=CARTESIAN_POINT('Ctrl Pts',(-19.6700328292895,-15.4906531986767,2.5));
#1224=CARTESIAN_POINT('Ctrl Pts',(-14.7202570434237,-16.2791262644549,2.5));
#1225=CARTESIAN_POINT('Ctrl Pts',(-13.3995002019164,-16.4895158338055,2.5));
#1226=CARTESIAN_POINT('Ctrl Pts',(-12.1236886938079,-16.6828958790116,2.5));
#1227=CARTESIAN_POINT('Ctrl Pts',(-10.9625114525836,-16.8467725421139,2.5));
#1228=CARTESIAN_POINT('Ctrl Pts',(-9.77337047043386,-17.0145957212071,2.5));
#1229=CARTESIAN_POINT('Ctrl Pts',(-8.60715412700828,-17.1660162384528,2.5));
#1230=CARTESIAN_POINT('Ctrl Pts',(-7.45518768263372,-17.2970042098622,2.5));
#1231=CARTESIAN_POINT('Ctrl Pts',(-2.64479389680904,-17.8439851803258,2.5));
#1232=CARTESIAN_POINT('Ctrl Pts',(1.8409490033546,-18.0328353846937,2.5));
#1233=CARTESIAN_POINT('Ctrl Pts',(6.02187549854026,-17.4339393311548,2.5));
#1234=CARTESIAN_POINT('Ctrl Pts',(8.53304262174583,-17.0742276544257,2.5));
#1235=CARTESIAN_POINT('Ctrl Pts',(10.9571726142146,-16.4227835828903,2.5));
#1236=CARTESIAN_POINT('Ctrl Pts',(13.2632738483612,-15.35680384792,2.5));
#1237=CARTESIAN_POINT('Ctrl Pts',(14.8450129340126,-14.625655628428,2.5));
#1238=CARTESIAN_POINT('Ctrl Pts',(16.3451993167742,-13.7040143880624,2.5));
#1239=CARTESIAN_POINT('Ctrl Pts',(17.7051031324736,-12.6449644773772,2.5));
#1240=CARTESIAN_POINT('Ctrl Pts',(19.0646151523445,-11.5862196848426,2.5));
#1241=CARTESIAN_POINT('Ctrl Pts',(20.3013885257489,-10.3876782840726,2.5));
#1242=CARTESIAN_POINT('Ctrl Pts',(21.4540755972298,-9.05015257255188,2.5));
#1243=CARTESIAN_POINT('Ctrl Pts',(23.2989941032718,-6.90939295223188,2.5));
#1244=CARTESIAN_POINT('Ctrl Pts',(25.0506691198119,-4.26400019709685,2.5));
#1245=CARTESIAN_POINT('Ctrl Pts',(26.7034025142308,-0.992059260702278,2.5));
#1246=CARTESIAN_POINT('Ctrl Pts',(27.715997228539,1.01258958883993,2.5));
#1247=CARTESIAN_POINT('Ctrl Pts',(28.6948418424542,3.27921205938188,2.5));
#1248=CARTESIAN_POINT('Ctrl Pts',(29.5559664641883,5.56318181564775,2.5));
#1249=CARTESIAN_POINT('Ctrl Pts',(32.0039596134691,12.0560194089387,2.5));
#1250=CARTESIAN_POINT('Ctrl Pts',(33.6806094496727,18.9691376447045,2.5));
#1251=CARTESIAN_POINT('Ctrl Pts',(34.7209021305627,24.2583175618321,2.5));
#1252=CARTESIAN_POINT('Ctrl Pts',(35.0277430887221,25.8183948972416,2.5));
#1253=CARTESIAN_POINT('Ctrl Pts',(35.2698230864822,27.1722544377867,2.5));
#1254=CARTESIAN_POINT('Ctrl Pts',(35.5050301457985,28.6263428290235,2.5));
#1255=CARTESIAN_POINT('Ctrl Pts',(36.1801185831107,32.7998496217496,2.5));
#1256=CARTESIAN_POINT('Ctrl Pts',(36.7114725442112,37.3761132369858,2.5));
#1257=CARTESIAN_POINT('Ctrl Pts',(36.6671611308431,41.580831003684,2.5));
#1258=CARTESIAN_POINT('Ctrl Pts',(36.6359502017709,44.5424415236391,2.5));
#1259=CARTESIAN_POINT('Ctrl Pts',(36.3048425880897,47.2942402376867,2.5));
#1260=CARTESIAN_POINT('Ctrl Pts',(35.5727586958276,49.6496575579126,2.5));
#1261=CARTESIAN_POINT('Ctrl Pts',(34.7105298378941,52.4238051760223,2.5));
#1262=CARTESIAN_POINT('Ctrl Pts',(33.2454198152544,54.7321387830768,2.5));
#1263=CARTESIAN_POINT('Ctrl Pts',(31.2362188533476,56.4899317381755,2.5));
#1264=CARTESIAN_POINT('Ctrl Pts',(28.4811750328957,58.9002414634818,2.5));
#1265=CARTESIAN_POINT('Ctrl Pts',(24.7029154625512,60.3795348726896,2.5));
#1266=CARTESIAN_POINT('Ctrl Pts',(20.1752201784951,61.3549273175827,2.5));
#1267=CARTESIAN_POINT('Ctrl Pts',(16.7343890327584,62.0961787696235,2.5));
#1268=CARTESIAN_POINT('Ctrl Pts',(12.8960286161455,62.5383122488515,2.5));
#1269=CARTESIAN_POINT('Ctrl Pts',(8.91006306565186,62.8416042366155,2.5));
#1270=CARTESIAN_POINT('Ctrl Pts',(5.07325873975903,63.1335465517009,2.5));
#1271=CARTESIAN_POINT('Ctrl Pts',(1.01368992580381,63.3030681856588,2.5));
#1272=CARTESIAN_POINT('Ctrl Pts',(-3.23122020354389,63.4532811155804,2.5));
#1273=CARTESIAN_POINT('Ctrl Pts',(-6.48608834399563,63.568459827258,2.5));
#1274=CARTESIAN_POINT('Ctrl Pts',(-9.84031176910816,63.6710627707913,2.5));
#1275=CARTESIAN_POINT('Ctrl Pts',(-13.2539804783299,63.8035368994921,2.5));
#1276=CARTESIAN_POINT('Ctrl Pts',(-15.612454682268,63.8950621299241,2.5));
#1277=CARTESIAN_POINT('Ctrl Pts',(-17.9993046740871,64.0008236016931,2.5));
#1278=CARTESIAN_POINT('Ctrl Pts',(-20.4013666704971,64.135067303827,2.5));
#1279=CARTESIAN_POINT('Ctrl Pts',(-21.9120753529269,64.2194960682295,2.5));
#1280=CARTESIAN_POINT('Ctrl Pts',(-23.4163124986699,64.3152078304633,2.5));
#1281=CARTESIAN_POINT('Ctrl Pts',(-24.7995359947884,64.4150199990035,2.5));
#1282=CARTESIAN_POINT('Ctrl Pts',(-30.7670421825962,64.845629900479,2.5));
#1283=CARTESIAN_POINT('Ctrl Pts',(-35.1033307358255,65.3832463378635,2.5));
#1284=CARTESIAN_POINT('Ctrl Pts',(-38.6236338309972,65.9166706683781,2.5));
#1285=CARTESIAN_POINT('',(-45.0000006705523,73.3320228866311,2.5));
#1286=CARTESIAN_POINT('Ctrl Pts',(-38.6236338309972,65.9166706683781,2.5));
#1287=CARTESIAN_POINT('Ctrl Pts',(-39.4182481482275,66.0370769512255,2.5));
#1288=CARTESIAN_POINT('Ctrl Pts',(-40.1883679159355,66.2844281806305,2.5));
#1289=CARTESIAN_POINT('Ctrl Pts',(-40.9044809806939,66.6492454836452,2.5));
#1290=CARTESIAN_POINT('Ctrl Pts',(-41.6205940454522,67.0140627866599,2.5));
#1291=CARTESIAN_POINT('Ctrl Pts',(-42.2734345348671,67.4916257486695,2.5));
#1292=CARTESIAN_POINT('Ctrl Pts',(-42.8379846147065,68.0636334351998,2.5));
#1293=CARTESIAN_POINT('Ctrl Pts',(-43.5240070223237,68.7587180774705,2.5));
#1294=CARTESIAN_POINT('Ctrl Pts',(-44.0677051947934,69.5811527627883,2.5));
#1295=CARTESIAN_POINT('Ctrl Pts',(-44.4384759923055,70.4846451088464,2.5));
#1296=CARTESIAN_POINT('Ctrl Pts',(-44.8092467898176,71.3881374549046,2.5));
#1297=CARTESIAN_POINT('Ctrl Pts',(-45.0000006705523,72.3554117031637,2.5));
#1298=CARTESIAN_POINT('Ctrl Pts',(-45.0000006705523,73.3320228866311,2.5));
#1299=CARTESIAN_POINT('',(-45.0000006705523,74.0000011622906,2.5));
#1300=CARTESIAN_POINT('',(-45.0000006705523,39.0000005811453,2.5));
#1301=CARTESIAN_POINT('',(-41.0000006705523,78.0000011622906,2.5));
#1302=CARTESIAN_POINT('Origin',(-41.0000006705523,74.0000011622906,2.5));
#1303=CARTESIAN_POINT('',(39.5000007152557,78.0000011622906,2.5));
#1304=CARTESIAN_POINT('',(24.0000003576279,78.0000011622906,2.5));
#1305=CARTESIAN_POINT('',(48.0000007152557,69.5000011622906,2.5));
#1306=CARTESIAN_POINT('Origin',(39.5000007152557,69.5000011622906,2.5));
#1307=CARTESIAN_POINT('',(48.0000007152557,-75.9627993629619,2.5));
#1308=CARTESIAN_POINT('',(48.0000007152557,-40.500000603497,2.5));
#1309=CARTESIAN_POINT('',(41.6488927359947,-80.7767901428011,2.5));
#1310=CARTESIAN_POINT('Ctrl Pts',(48.0000007152557,-75.9627993629619,2.5));
#1311=CARTESIAN_POINT('Ctrl Pts',(48.0000007152557,-76.527608120145,2.5));
#1312=CARTESIAN_POINT('Ctrl Pts',(47.9042980355985,-77.0883555480853,2.5));
#1313=CARTESIAN_POINT('Ctrl Pts',(47.7169631120907,-77.6211918818925,2.5));
#1314=CARTESIAN_POINT('Ctrl Pts',(47.5296281885829,-78.1540282156996,2.5));
#1315=CARTESIAN_POINT('Ctrl Pts',(47.2533551324379,-78.6512906004458,2.5));
#1316=CARTESIAN_POINT('Ctrl Pts',(46.8998944165178,-79.0918294233571,2.5));
#1317=CARTESIAN_POINT('Ctrl Pts',(46.4924483164662,-79.5996533970886,2.5));
#1318=CARTESIAN_POINT('Ctrl Pts',(45.9897083088105,-80.0230390132516,2.5));
#1319=CARTESIAN_POINT('Ctrl Pts',(45.4199721210795,-80.3381551650648,2.5));
#1320=CARTESIAN_POINT('Ctrl Pts',(44.8502359333485,-80.6532713168779,2.5));
#1321=CARTESIAN_POINT('Ctrl Pts',(44.2243975425121,-80.8540926400153,2.5));
#1322=CARTESIAN_POINT('Ctrl Pts',(43.5776835149688,-80.9293155043749,2.5));
#1323=CARTESIAN_POINT('Ctrl Pts',(42.9309694874255,-81.0045383687344,2.5));
#1324=CARTESIAN_POINT('Ctrl Pts',(42.2757457003546,-80.9527244311502,2.5));
#1325=CARTESIAN_POINT('Ctrl Pts',(41.6488927359947,-80.7767901428011,2.5));
#1326=CARTESIAN_POINT('',(37.2796276079223,-74.6641811626783,2.5));
#1327=CARTESIAN_POINT('Ctrl Pts',(41.6488927359947,-80.7767901428011,2.5));
#1328=CARTESIAN_POINT('Ctrl Pts',(41.2927458295642,-80.6768329660898,2.5));
#1329=CARTESIAN_POINT('Ctrl Pts',(40.9464192069487,-80.5441018340119,2.5));
#1330=CARTESIAN_POINT('Ctrl Pts',(40.6143828540434,-80.3801979300051,2.5));
#1331=CARTESIAN_POINT('Ctrl Pts',(39.9138014821838,-80.0343682613034,2.5));
#1332=CARTESIAN_POINT('Ctrl Pts',(39.2874662744914,-79.5550057921888,2.5));
#1333=CARTESIAN_POINT('Ctrl Pts',(38.7706317616957,-78.9690923986448,2.5));
#1334=CARTESIAN_POINT('Ctrl Pts',(38.2537972489,-78.3831790051008,2.5));
#1335=CARTESIAN_POINT('Ctrl Pts',(37.8563458702788,-77.701917989907,2.5));
#1336=CARTESIAN_POINT('Ctrl Pts',(37.6006489721482,-76.9636554927981,2.5));
#1337=CARTESIAN_POINT('Ctrl Pts',(37.3449520740175,-76.2253929956893,2.5));
#1338=CARTESIAN_POINT('Ctrl Pts',(37.2358988598008,-75.4442454003785,2.5));
#1339=CARTESIAN_POINT('Ctrl Pts',(37.2796276079223,-74.6641811626783,2.5));
#1340=CARTESIAN_POINT('',(37.1692727318092,-71.0866664644723,2.5));
#1341=CARTESIAN_POINT('Ctrl Pts',(37.2796276079223,-74.6641811626783,2.5));
#1342=CARTESIAN_POINT('Ctrl Pts',(37.3238913825287,-73.8745727453469,2.5));
#1343=CARTESIAN_POINT('Ctrl Pts',(37.3241331218076,-73.0812849887549,2.5));
#1344=CARTESIAN_POINT('Ctrl Pts',(37.2530351931057,-71.8841723438604,2.5));
#1345=CARTESIAN_POINT('Ctrl Pts',(37.2171534875432,-71.4841848434884,2.5));
#1346=CARTESIAN_POINT('Ctrl Pts',(37.1692775702642,-71.0866658817442,2.5));
#1347=CARTESIAN_POINT('',(21.2840861808218,-57.0000007897615,2.5));
#1348=CARTESIAN_POINT('Ctrl Pts',(21.2840861808218,-57.0000007897615,2.5));
#1349=CARTESIAN_POINT('Ctrl Pts',(24.6004886283241,-57.0000007897615,2.5));
#1350=CARTESIAN_POINT('Ctrl Pts',(27.9083762777081,-58.0668873395729,2.5));
#1351=CARTESIAN_POINT('Ctrl Pts',(30.6039787348988,-59.9961366403514,2.5));
#1352=CARTESIAN_POINT('Ctrl Pts',(32.4010470396925,-61.2823028408704,2.5));
#1353=CARTESIAN_POINT('Ctrl Pts',(33.9259885924004,-62.9517413751526,2.5));
#1354=CARTESIAN_POINT('Ctrl Pts',(35.0519472379371,-64.8540648690038,2.5));
#1355=CARTESIAN_POINT('Ctrl Pts',(36.1779058834737,-66.7563883628551,2.5));
#1356=CARTESIAN_POINT('Ctrl Pts',(36.9048816218392,-68.8915968162754,2.5));
#1357=CARTESIAN_POINT('Ctrl Pts',(37.1692727318092,-71.0866664644723,2.5));
#1358=CARTESIAN_POINT('',(-34.0000005066395,-57.0000007897615,2.5));
#1359=CARTESIAN_POINT('',(41.4558862298119,-76.2289965811868,2.5));
#1360=CARTESIAN_POINT('Origin',(43.4558862298119,-76.2289965811868,2.5));
#1361=CARTESIAN_POINT('',(-11.623095754001,-50.6536454696158,2.5));
#1362=CARTESIAN_POINT('Origin',(-13.373095754001,-50.6536454696158,2.5));
#1363=CARTESIAN_POINT('',(-11.623095754001,67.8463545303842,2.5));
#1364=CARTESIAN_POINT('Origin',(-13.373095754001,67.8463545303842,2.5));
#1365=CARTESIAN_POINT('',(17.126904245999,67.8463545303842,2.5));
#1366=CARTESIAN_POINT('Origin',(15.376904245999,67.8463545303842,2.5));
#1367=CARTESIAN_POINT('',(-42.7441137701881,73.5710034188132,2.5));
#1368=CARTESIAN_POINT('Origin',(-40.7441137701881,73.5710034188132,2.5));
#1369=CARTESIAN_POINT('',(41.4452088931301,69.8900121464886,2.5));
#1370=CARTESIAN_POINT('Origin',(43.4452088931301,69.8900121464886,2.5));
#1371=CARTESIAN_POINT('',(-42.7485389709473,-22.0774674415588,2.5));
#1372=CARTESIAN_POINT('Origin',(-40.7485389709473,-22.0774674415588,2.5));
#1373=CARTESIAN_POINT('',(17.126904245999,-50.6536454696158,2.5));
#1374=CARTESIAN_POINT('Origin',(15.376904245999,-50.6536454696158,2.5));
#1375=CARTESIAN_POINT('Origin',(0.,0.,4.5));
#1376=CARTESIAN_POINT('',(21.2840861808218,-57.0000007897615,4.5));
#1377=CARTESIAN_POINT('',(-34.0000005066395,-57.0000007897615,4.5));
#1378=CARTESIAN_POINT('',(37.1692727318092,-71.0866664644724,4.5));
#1379=CARTESIAN_POINT('Ctrl Pts',(37.1692727318092,-71.0866664644723,4.5));
#1380=CARTESIAN_POINT('Ctrl Pts',(36.9048816218392,-68.8915968162754,4.5));
#1381=CARTESIAN_POINT('Ctrl Pts',(36.1779058834737,-66.7563883628551,4.5));
#1382=CARTESIAN_POINT('Ctrl Pts',(35.0519472379371,-64.8540648690038,4.5));
#1383=CARTESIAN_POINT('Ctrl Pts',(33.9259885924004,-62.9517413751526,4.5));
#1384=CARTESIAN_POINT('Ctrl Pts',(32.4010470396925,-61.2823028408704,4.5));
#1385=CARTESIAN_POINT('Ctrl Pts',(30.6039787348988,-59.9961366403514,4.5));
#1386=CARTESIAN_POINT('Ctrl Pts',(27.9083762777081,-58.0668873395729,4.5));
#1387=CARTESIAN_POINT('Ctrl Pts',(24.6004886283241,-57.0000007897615,4.5));
#1388=CARTESIAN_POINT('Ctrl Pts',(21.2840861808218,-57.0000007897615,4.5));
#1389=CARTESIAN_POINT('',(37.2796276079223,-74.6641811626783,4.5));
#1390=CARTESIAN_POINT('Ctrl Pts',(37.1692727318092,-71.0866664644724,4.5));
#1391=CARTESIAN_POINT('Ctrl Pts',(37.2011413007924,-71.3512507332645,4.5));
#1392=CARTESIAN_POINT('Ctrl Pts',(37.2277025441305,-71.6169930028377,4.5));
#1393=CARTESIAN_POINT('Ctrl Pts',(37.32292454659,-72.8128155590166,4.5));
#1394=CARTESIAN_POINT('Ctrl Pts',(37.3313953985048,-73.7407108180454,4.5));
#1395=CARTESIAN_POINT('Ctrl Pts',(37.2796276079223,-74.6641811626784,4.5));
#1396=CARTESIAN_POINT('',(41.6488927359947,-80.7767901428011,4.5));
#1397=CARTESIAN_POINT('Ctrl Pts',(37.2796276079223,-74.6641811626783,4.5));
#1398=CARTESIAN_POINT('Ctrl Pts',(37.2358988598008,-75.4442454003785,4.5));
#1399=CARTESIAN_POINT('Ctrl Pts',(37.3449520740175,-76.2253929956893,4.5));
#1400=CARTESIAN_POINT('Ctrl Pts',(37.6006489721482,-76.9636554927981,4.5));
#1401=CARTESIAN_POINT('Ctrl Pts',(37.8563458702788,-77.701917989907,4.5));
#1402=CARTESIAN_POINT('Ctrl Pts',(38.2537972489,-78.3831790051008,4.5));
#1403=CARTESIAN_POINT('Ctrl Pts',(38.7706317616957,-78.9690923986448,4.5));
#1404=CARTESIAN_POINT('Ctrl Pts',(39.2874662744914,-79.5550057921888,4.5));
#1405=CARTESIAN_POINT('Ctrl Pts',(39.9138014821838,-80.0343682613034,4.5));
#1406=CARTESIAN_POINT('Ctrl Pts',(40.6143828540434,-80.3801979300051,4.5));
#1407=CARTESIAN_POINT('Ctrl Pts',(40.9464192069487,-80.5441018340119,4.5));
#1408=CARTESIAN_POINT('Ctrl Pts',(41.2927458295642,-80.6768329660898,4.5));
#1409=CARTESIAN_POINT('Ctrl Pts',(41.6488927359947,-80.7767901428011,4.5));
#1410=CARTESIAN_POINT('',(48.0000007152557,-75.9627993629619,4.5));
#1411=CARTESIAN_POINT('Ctrl Pts',(48.0000007152557,-75.9627993629619,4.5));
#1412=CARTESIAN_POINT('Ctrl Pts',(48.0000007152557,-76.527608120145,4.5));
#1413=CARTESIAN_POINT('Ctrl Pts',(47.9042980355985,-77.0883555480853,4.5));
#1414=CARTESIAN_POINT('Ctrl Pts',(47.7169631120907,-77.6211918818925,4.5));
#1415=CARTESIAN_POINT('Ctrl Pts',(47.5296281885829,-78.1540282156996,4.5));
#1416=CARTESIAN_POINT('Ctrl Pts',(47.2533551324379,-78.6512906004458,4.5));
#1417=CARTESIAN_POINT('Ctrl Pts',(46.8998944165178,-79.091829423357,4.5));
#1418=CARTESIAN_POINT('Ctrl Pts',(46.4924483164662,-79.5996533970886,4.5));
#1419=CARTESIAN_POINT('Ctrl Pts',(45.9897083088105,-80.0230390132516,4.5));
#1420=CARTESIAN_POINT('Ctrl Pts',(45.4199721210795,-80.3381551650648,4.5));
#1421=CARTESIAN_POINT('Ctrl Pts',(44.8502359333485,-80.6532713168779,4.5));
#1422=CARTESIAN_POINT('Ctrl Pts',(44.2243975425121,-80.8540926400153,4.5));
#1423=CARTESIAN_POINT('Ctrl Pts',(43.5776835149688,-80.9293155043749,4.5));
#1424=CARTESIAN_POINT('Ctrl Pts',(42.9309694874255,-81.0045383687344,4.5));
#1425=CARTESIAN_POINT('Ctrl Pts',(42.2757457003547,-80.9527244311502,4.5));
#1426=CARTESIAN_POINT('Ctrl Pts',(41.6488927359947,-80.7767901428011,4.5));
#1427=CARTESIAN_POINT('',(48.0000007152557,69.5000011622906,4.5));
#1428=CARTESIAN_POINT('',(48.0000007152557,-40.500000603497,4.5));
#1429=CARTESIAN_POINT('',(39.5000007152557,78.0000011622906,4.5));
#1430=CARTESIAN_POINT('Origin',(39.5000007152557,69.5000011622906,4.5));
#1431=CARTESIAN_POINT('',(-41.0000006705523,78.0000011622906,4.5));
#1432=CARTESIAN_POINT('',(24.0000003576279,78.0000011622906,4.5));
#1433=CARTESIAN_POINT('',(-45.0000006705523,74.0000011622906,4.5));
#1434=CARTESIAN_POINT('Origin',(-41.0000006705523,74.0000011622906,4.5));
#1435=CARTESIAN_POINT('',(-45.0000006705523,73.3320228866311,4.5));
#1436=CARTESIAN_POINT('',(-45.0000006705523,39.0000005811453,4.5));
#1437=CARTESIAN_POINT('',(-38.6236338309972,65.9166706683781,4.5));
#1438=CARTESIAN_POINT('Ctrl Pts',(-38.6236338309972,65.9166706683781,4.5));
#1439=CARTESIAN_POINT('Ctrl Pts',(-39.6267631747534,66.068672806872,4.5));
#1440=CARTESIAN_POINT('Ctrl Pts',(-40.5970381607191,66.4274469053855,4.5));
#1441=CARTESIAN_POINT('Ctrl Pts',(-41.4584080305204,66.9630985156257,4.5));
#1442=CARTESIAN_POINT('Ctrl Pts',(-42.3197779003217,67.4987501258659,4.5));
#1443=CARTESIAN_POINT('Ctrl Pts',(-43.0722426539586,68.2112792478329,4.5));
#1444=CARTESIAN_POINT('Ctrl Pts',(-43.6515712479229,69.0436094484227,4.5));
#1445=CARTESIAN_POINT('Ctrl Pts',(-44.5205641388693,70.2921047493074,4.5));
#1446=CARTESIAN_POINT('Ctrl Pts',(-45.0000006705523,71.8101524770935,4.5));
#1447=CARTESIAN_POINT('Ctrl Pts',(-45.0000006705523,73.3320228866311,4.5));
#1448=CARTESIAN_POINT('',(-33.9883584613244,-12.8045517295227,4.5));
#1449=CARTESIAN_POINT('Ctrl Pts',(-33.9883584613245,-12.8045517295227,4.5));
#1450=CARTESIAN_POINT('Ctrl Pts',(-29.1221313236262,-13.9204625893611,4.5));
#1451=CARTESIAN_POINT('Ctrl Pts',(-16.6642124448053,-15.9655170816812,4.5));
#1452=CARTESIAN_POINT('Ctrl Pts',(-8.91474705725081,-17.219390767343,4.5));
#1453=CARTESIAN_POINT('Ctrl Pts',(-3.11748471792655,-17.9599286720809,4.5));
#1454=CARTESIAN_POINT('Ctrl Pts',(5.30766403542965,-17.6584896049419,4.5));
#1455=CARTESIAN_POINT('Ctrl Pts',(8.49276983194019,-17.1878116843858,4.5));
#1456=CARTESIAN_POINT('Ctrl Pts',(14.4595741586514,-14.9996317202636,4.5));
#1457=CARTESIAN_POINT('Ctrl Pts',(17.0310908840709,-13.3944933042415,4.5));
#1458=CARTESIAN_POINT('Ctrl Pts',(21.9617620156971,-8.81808351260452,4.5));
#1459=CARTESIAN_POINT('Ctrl Pts',(24.3925336447461,-5.53074573152851,4.5));
#1460=CARTESIAN_POINT('Ctrl Pts',(30.9307256733469,7.30886646289821,4.5));
#1461=CARTESIAN_POINT('Ctrl Pts',(33.4366761934492,17.771010550076,4.5));
#1462=CARTESIAN_POINT('Ctrl Pts',(35.7808136574004,29.6114879090458,4.5));
#1463=CARTESIAN_POINT('Ctrl Pts',(36.8248693968022,36.5507533001033,4.5));
#1464=CARTESIAN_POINT('Ctrl Pts',(36.5624443124487,45.372151328469,4.5));
#1465=CARTESIAN_POINT('Ctrl Pts',(36.1693616731246,47.8741248743653,4.5));
#1466=CARTESIAN_POINT('Ctrl Pts',(34.8753602937379,51.7524662927961,4.5));
#1467=CARTESIAN_POINT('Ctrl Pts',(34.0494816111943,53.3520258206095,4.5));
#1468=CARTESIAN_POINT('Ctrl Pts',(31.5934002403133,56.3739288446894,4.5));
#1469=CARTESIAN_POINT('Ctrl Pts',(29.9933969059453,57.6073027091915,4.5));
#1470=CARTESIAN_POINT('Ctrl Pts',(25.0162293899201,60.3043714875548,4.5));
#1471=CARTESIAN_POINT('Ctrl Pts',(20.9381796256796,61.3881284108438,4.5));
#1472=CARTESIAN_POINT('Ctrl Pts',(7.93928571551173,63.2419684388809,4.5));
#1473=CARTESIAN_POINT('Ctrl Pts',(-1.95768747714933,63.3756067996331,4.5));
#1474=CARTESIAN_POINT('Ctrl Pts',(-22.1368190201474,64.139511820928,4.5));
#1475=CARTESIAN_POINT('Ctrl Pts',(-30.1619401693679,64.634487528334,4.5));
#1476=CARTESIAN_POINT('Ctrl Pts',(-38.6236338309972,65.9166706683781,4.5));
#1477=CARTESIAN_POINT('',(-45.0000006705523,-21.576854484333,4.5));
#1478=CARTESIAN_POINT('Ctrl Pts',(-45.0000006705523,-21.576854484333,4.5));
#1479=CARTESIAN_POINT('Ctrl Pts',(-45.0000006705523,-20.0372404503132,4.5));
#1480=CARTESIAN_POINT('Ctrl Pts',(-44.5941458007303,-18.500713285507,4.5));
#1481=CARTESIAN_POINT('Ctrl Pts',(-43.8397070900401,-17.158775341114,4.5));
#1482=CARTESIAN_POINT('Ctrl Pts',(-43.4624877346949,-16.4878063689175,4.5));
#1483=CARTESIAN_POINT('Ctrl Pts',(-42.9981224191327,-15.8654847018243,4.5));
#1484=CARTESIAN_POINT('Ctrl Pts',(-42.4619454788816,-15.3132092781609,4.5));
#1485=CARTESIAN_POINT('Ctrl Pts',(-41.3895915983794,-14.2086584308341,4.5));
#1486=CARTESIAN_POINT('Ctrl Pts',(-40.0299912191216,-13.3842925572263,4.5));
#1487=CARTESIAN_POINT('Ctrl Pts',(-38.5548485024127,-12.9472338658775,4.5));
#1488=CARTESIAN_POINT('Ctrl Pts',(-37.0797057857039,-12.5101751745287,4.5));
#1489=CARTESIAN_POINT('Ctrl Pts',(-35.489020731544,-12.4604236654389,4.5));
#1490=CARTESIAN_POINT('Ctrl Pts',(-33.9883584613244,-12.8045517295227,4.5));
#1491=CARTESIAN_POINT('',(-45.0000006705523,-23.2538250358479,4.5));
#1492=CARTESIAN_POINT('',(-45.0000006705523,39.0000005811453,4.5));
#1493=CARTESIAN_POINT('',(-43.1584376340472,-26.8846256240273,4.5));
#1494=CARTESIAN_POINT('Ctrl Pts',(-43.1584376340472,-26.8846256240273,4.5));
#1495=CARTESIAN_POINT('Ctrl Pts',(-44.2946255151183,-26.0527198811594,4.5));
#1496=CARTESIAN_POINT('Ctrl Pts',(-45.0000006705523,-24.6620118367054,4.5));
#1497=CARTESIAN_POINT('Ctrl Pts',(-45.0000006705523,-23.2538250358479,4.5));
#1498=CARTESIAN_POINT('',(-31.5106777318541,-49.0613672310024,4.5));
#1499=CARTESIAN_POINT('Ctrl Pts',(-31.5106777318541,-49.0613672310024,4.5));
#1500=CARTESIAN_POINT('Ctrl Pts',(-31.6818078508682,-48.7485354373387,4.5));
#1501=CARTESIAN_POINT('Ctrl Pts',(-31.8508202654556,-48.4289945480221,4.5));
#1502=CARTESIAN_POINT('Ctrl Pts',(-32.017951652582,-48.1034470045087,4.5));
#1503=CARTESIAN_POINT('Ctrl Pts',(-32.1901976178791,-47.7679370093681,4.5));
#1504=CARTESIAN_POINT('Ctrl Pts',(-32.3604457581668,-47.4260472717415,4.5));
#1505=CARTESIAN_POINT('Ctrl Pts',(-32.5289589464026,-47.0786027160758,4.5));
#1506=CARTESIAN_POINT('Ctrl Pts',(-32.7035137471491,-46.7187014180254,4.5));
#1507=CARTESIAN_POINT('Ctrl Pts',(-32.8762070771374,-46.35284005792,4.5));
#1508=CARTESIAN_POINT('Ctrl Pts',(-33.0473335169333,-45.9819918707674,4.5));
#1509=CARTESIAN_POINT('Ctrl Pts',(-33.2258462990021,-45.5951367378449,4.5));
#1510=CARTESIAN_POINT('Ctrl Pts',(-33.4026541637699,-45.2028552488311,4.5));
#1511=CARTESIAN_POINT('Ctrl Pts',(-33.5780919614103,-44.8063089718681,4.5));
#1512=CARTESIAN_POINT('Ctrl Pts',(-33.7709402699865,-44.3704092979495,4.5));
#1513=CARTESIAN_POINT('Ctrl Pts',(-33.962133361932,-43.9293562944652,4.5));
#1514=CARTESIAN_POINT('Ctrl Pts',(-34.1521130671141,-43.4847591001294,4.5));
#1515=CARTESIAN_POINT('Ctrl Pts',(-34.3478005836778,-43.0268042846539,4.5));
#1516=CARTESIAN_POINT('Ctrl Pts',(-34.5422009777518,-42.5650896710296,4.50000000000001));
#1517=CARTESIAN_POINT('Ctrl Pts',(-34.7357898384366,-42.1014359436189,4.50000000000001));
#1518=CARTESIAN_POINT('Ctrl Pts',(-34.9412565624868,-41.609334217684,4.50000000000001));
#1519=CARTESIAN_POINT('Ctrl Pts',(-35.1458095441861,-41.1150486270248,4.5));
#1520=CARTESIAN_POINT('Ctrl Pts',(-35.3500037537489,-40.6208170746965,4.5));
#1521=CARTESIAN_POINT('Ctrl Pts',(-35.5691581486385,-40.0903758980449,4.5));
#1522=CARTESIAN_POINT('Ctrl Pts',(-35.7878999719022,-39.5599978406072,4.5));
#1523=CARTESIAN_POINT('Ctrl Pts',(-36.006891003196,-39.0325072377305,4.5));
#1524=CARTESIAN_POINT('Ctrl Pts',(-36.2394260335028,-38.4723927773263,4.5));
#1525=CARTESIAN_POINT('Ctrl Pts',(-36.4722430120499,-37.9155356634088,4.5));
#1526=CARTESIAN_POINT('Ctrl Pts',(-36.7060945585914,-37.3653596540032,4.5));
#1527=CARTESIAN_POINT('Ctrl Pts',(-36.9360828765262,-36.8242725547618,4.5));
#1528=CARTESIAN_POINT('Ctrl Pts',(-37.1670723240348,-36.289649826376,4.5));
#1529=CARTESIAN_POINT('Ctrl Pts',(-37.3997315534445,-35.7647577717177,4.5));
#1530=CARTESIAN_POINT('Ctrl Pts',(-37.6188511600762,-35.2704118528708,4.5));
#1531=CARTESIAN_POINT('Ctrl Pts',(-37.8394518829368,-34.7846986002722,4.5));
#1532=CARTESIAN_POINT('Ctrl Pts',(-38.0620472466074,-34.3103286558406,4.5));
#1533=CARTESIAN_POINT('Ctrl Pts',(-38.2568181898191,-33.895254954463,4.5));
#1534=CARTESIAN_POINT('Ctrl Pts',(-38.4531158816564,-33.4888666276456,4.5));
#1535=CARTESIAN_POINT('Ctrl Pts',(-38.6512520802292,-33.0929512844699,4.5));
#1536=CARTESIAN_POINT('Ctrl Pts',(-38.8356422529902,-32.7245032217092,4.5));
#1537=CARTESIAN_POINT('Ctrl Pts',(-39.0216245824452,-32.3651258193921,4.5));
#1538=CARTESIAN_POINT('Ctrl Pts',(-39.2094233055799,-32.0162263498001,4.5));
#1539=CARTESIAN_POINT('Ctrl Pts',(-39.3892401776137,-31.6821558607728,4.5));
#1540=CARTESIAN_POINT('Ctrl Pts',(-39.5707223188115,-31.3576919362249,4.5));
#1541=CARTESIAN_POINT('Ctrl Pts',(-39.7540414327555,-31.0440323178408,4.5));
#1542=CARTESIAN_POINT('Ctrl Pts',(-39.9308900093793,-30.7414438104988,4.5));
#1543=CARTESIAN_POINT('Ctrl Pts',(-40.1094481736027,-30.4489106509562,4.5));
#1544=CARTESIAN_POINT('Ctrl Pts',(-40.2898461355227,-30.1674676278156,4.5));
#1545=CARTESIAN_POINT('Ctrl Pts',(-40.4648102889842,-29.8945020146382,4.5));
#1546=CARTESIAN_POINT('Ctrl Pts',(-40.6415050837985,-29.6319687401929,4.5));
#1547=CARTESIAN_POINT('Ctrl Pts',(-40.8200262651649,-29.3807692055128,4.5));
#1548=CARTESIAN_POINT('Ctrl Pts',(-40.9938624823313,-29.1361619464273,4.5));
#1549=CARTESIAN_POINT('Ctrl Pts',(-41.1694304942038,-28.9023015658327,4.5));
#1550=CARTESIAN_POINT('Ctrl Pts',(-41.3467963538526,-28.679976068693,4.5));
#1551=CARTESIAN_POINT('Ctrl Pts',(-41.5186264095694,-28.4645896203854,4.5));
#1552=CARTESIAN_POINT('Ctrl Pts',(-41.6921438202254,-28.260029362017,4.5));
#1553=CARTESIAN_POINT('Ctrl Pts',(-41.867387475153,-28.0669675541884,4.5));
#1554=CARTESIAN_POINT('Ctrl Pts',(-42.0408813214911,-27.8758334692767,4.5));
#1555=CARTESIAN_POINT('Ctrl Pts',(-42.2160671219122,-27.6959694800303,4.5));
#1556=CARTESIAN_POINT('Ctrl Pts',(-42.3929613858354,-27.5279817095368,4.5));
#1557=CARTESIAN_POINT('Ctrl Pts',(-42.5678707107881,-27.3618789378262,4.5));
#1558=CARTESIAN_POINT('Ctrl Pts',(-42.7444503599839,-27.2073874059766,4.5));
#1559=CARTESIAN_POINT('Ctrl Pts',(-42.9226955236165,-27.0650465610882,4.5));
#1560=CARTESIAN_POINT('Ctrl Pts',(-43.0009559902727,-27.00255027385,4.5));
#1561=CARTESIAN_POINT('Ctrl Pts',(-43.079537255304,-26.9423957158268,4.5));
#1562=CARTESIAN_POINT('Ctrl Pts',(-43.1584376340472,-26.8846256240273,4.5));
#1563=CARTESIAN_POINT('',(-21.2829012066837,-56.5732304917612,4.5));
#1564=CARTESIAN_POINT('Ctrl Pts',(-31.5106777318541,-49.0613672310024,4.5));
#1565=CARTESIAN_POINT('Ctrl Pts',(-30.5732857336134,-50.7749523197354,4.5));
#1566=CARTESIAN_POINT('Ctrl Pts',(-29.3101544414982,-52.2890610992892,4.5));
#1567=CARTESIAN_POINT('Ctrl Pts',(-27.7923817283511,-53.5184689266272,4.5));
#1568=CARTESIAN_POINT('Ctrl Pts',(-26.8508226548203,-54.2811391768386,4.5));
#1569=CARTESIAN_POINT('Ctrl Pts',(-25.8203105458199,-54.9269194401534,4.5));
#1570=CARTESIAN_POINT('Ctrl Pts',(-24.7233955313847,-55.4416784620388,4.5));
#1571=CARTESIAN_POINT('Ctrl Pts',(-23.6264805169495,-55.9564374839241,4.5));
#1572=CARTESIAN_POINT('Ctrl Pts',(-22.4712224496254,-56.3363929460065,4.5));
#1573=CARTESIAN_POINT('Ctrl Pts',(-21.2829012066837,-56.5732304917612,4.5));
#1574=CARTESIAN_POINT('Origin',(-21.6738213295854,-58.5346538161638,4.5));
#1575=CARTESIAN_POINT('',(46.9558862298119,-76.2289965811868,4.5));
#1576=CARTESIAN_POINT('Origin',(43.4558862298119,-76.2289965811868,4.5));
#1577=CARTESIAN_POINT('',(-16.373095754001,-50.6536454696158,4.5));
#1578=CARTESIAN_POINT('Origin',(-13.373095754001,-50.6536454696158,4.5));
#1579=CARTESIAN_POINT('',(12.376904245999,67.8463545303842,4.5));
#1580=CARTESIAN_POINT('Origin',(15.376904245999,67.8463545303842,4.5));
#1581=CARTESIAN_POINT('',(46.8952088931301,69.8900121464886,4.5));
#1582=CARTESIAN_POINT('Origin',(43.4452088931301,69.8900121464886,4.5));
#1583=CARTESIAN_POINT('',(-37.3013433565649,73.7942339702196,4.5));
#1584=CARTESIAN_POINT('',(-37.2941137701881,73.5710034188132,4.5));
#1585=CARTESIAN_POINT('Origin',(-40.7441137701881,73.5710034188132,4.5));
#1586=CARTESIAN_POINT('Origin',(-40.7441137701881,73.5710034188132,4.5));
#1587=CARTESIAN_POINT('',(-37.2985389709473,-22.0774674415588,4.5));
#1588=CARTESIAN_POINT('Origin',(-40.7485389709473,-22.0774674415588,4.5));
#1589=CARTESIAN_POINT('',(-16.373095754001,67.8463545303842,4.5));
#1590=CARTESIAN_POINT('Origin',(-13.373095754001,67.8463545303842,4.5));
#1591=CARTESIAN_POINT('',(12.376904245999,-50.6536454696158,4.5));
#1592=CARTESIAN_POINT('Origin',(15.376904245999,-50.6536454696158,4.5));
#1593=CARTESIAN_POINT('Origin',(15.376904245999,-50.6536454696158,3.5));
#1594=CARTESIAN_POINT('',(12.376904245999,-50.6536454696158,3.5));
#1595=CARTESIAN_POINT('Origin',(15.376904245999,-50.6536454696158,3.5));
#1596=CARTESIAN_POINT('',(17.126904245999,-50.6536454696158,3.5));
#1597=CARTESIAN_POINT('Origin',(15.376904245999,-50.6536454696158,3.5));
#1598=CARTESIAN_POINT('Origin',(15.376904245999,-50.6536454696158,5.));
#1599=CARTESIAN_POINT('',(12.376904245999,-50.6536454696158,5.));
#1600=CARTESIAN_POINT('Ctrl Pts',(37.1692727318092,-71.0866664644723,4.5));
#1601=CARTESIAN_POINT('Ctrl Pts',(37.1692727318092,-71.0866664644723,3.83333333333334));
#1602=CARTESIAN_POINT('Ctrl Pts',(37.1692727318092,-71.0866664644723,3.16666666666667));
#1603=CARTESIAN_POINT('Ctrl Pts',(37.1692727318092,-71.0866664644723,2.5));
#1604=CARTESIAN_POINT('Ctrl Pts',(36.9048816218392,-68.8915968162754,4.5));
#1605=CARTESIAN_POINT('Ctrl Pts',(36.9048816218392,-68.8915968162754,3.83333333333334));
#1606=CARTESIAN_POINT('Ctrl Pts',(36.9048816218392,-68.8915968162754,3.16666666666667));
#1607=CARTESIAN_POINT('Ctrl Pts',(36.9048816218392,-68.8915968162754,2.5));
#1608=CARTESIAN_POINT('Ctrl Pts',(35.4509301451083,-64.6211799094347,4.5));
#1609=CARTESIAN_POINT('Ctrl Pts',(35.4509301451083,-64.6211799094347,3.83333333333334));
#1610=CARTESIAN_POINT('Ctrl Pts',(35.4509301451083,-64.6211799094347,3.16666666666667));
#1611=CARTESIAN_POINT('Ctrl Pts',(35.4509301451083,-64.6211799094347,2.5));
#1612=CARTESIAN_POINT('Ctrl Pts',(30.1136347106307,-58.7781450394472,4.5));
#1613=CARTESIAN_POINT('Ctrl Pts',(30.1136347106307,-58.7781450394472,3.83333333333334));
#1614=CARTESIAN_POINT('Ctrl Pts',(30.1136347106307,-58.7781450394472,3.16666666666667));
#1615=CARTESIAN_POINT('Ctrl Pts',(30.1136347106307,-58.7781450394472,2.5));
#1616=CARTESIAN_POINT('Ctrl Pts',(24.6004886283241,-57.0000007897615,4.5));
#1617=CARTESIAN_POINT('Ctrl Pts',(24.6004886283241,-57.0000007897615,3.83333333333334));
#1618=CARTESIAN_POINT('Ctrl Pts',(24.6004886283241,-57.0000007897615,3.16666666666666));
#1619=CARTESIAN_POINT('Ctrl Pts',(24.6004886283241,-57.0000007897615,2.5));
#1620=CARTESIAN_POINT('Ctrl Pts',(21.2840861808218,-57.0000007897615,4.5));
#1621=CARTESIAN_POINT('Ctrl Pts',(21.2840861808218,-57.0000007897615,3.83333333333334));
#1622=CARTESIAN_POINT('Ctrl Pts',(21.2840861808218,-57.0000007897615,3.16666666666667));
#1623=CARTESIAN_POINT('Ctrl Pts',(21.2840861808218,-57.0000007897615,2.5));
#1624=CARTESIAN_POINT('Ctrl Pts',(21.2840861808218,-57.0000007897615,4.5));
#1625=CARTESIAN_POINT('Ctrl Pts',(21.2840861808218,-57.0000007897615,3.83333333333334));
#1626=CARTESIAN_POINT('Ctrl Pts',(21.2840861808218,-57.0000007897615,3.16666666666667));
#1627=CARTESIAN_POINT('Ctrl Pts',(21.2840861808218,-57.0000007897615,2.5));
#1628=CARTESIAN_POINT('Ctrl Pts',(37.1692727318092,-71.0866664644723,2.5));
#1629=CARTESIAN_POINT('Ctrl Pts',(37.1692727318092,-71.0866664644723,3.16666666666667));
#1630=CARTESIAN_POINT('Ctrl Pts',(37.1692727318092,-71.0866664644723,3.83333333333334));
#1631=CARTESIAN_POINT('Ctrl Pts',(37.1692727318092,-71.0866664644723,4.5));
#1632=CARTESIAN_POINT('Origin',(28.4364327019439,-57.0000007897615,4.5));
#1633=CARTESIAN_POINT('Ctrl Pts',(34.5227224982595,-84.481608467897,4.6));
#1634=CARTESIAN_POINT('Ctrl Pts',(34.5227224982595,-84.481608467897,2.5));
#1635=CARTESIAN_POINT('Ctrl Pts',(34.7897581991903,-83.9515008036192,4.6));
#1636=CARTESIAN_POINT('Ctrl Pts',(34.7897581991903,-83.9515008036192,2.5));
#1637=CARTESIAN_POINT('Ctrl Pts',(35.041309654689,-83.4135317115565,4.6));
#1638=CARTESIAN_POINT('Ctrl Pts',(35.041309654689,-83.4135317115565,2.5));
#1639=CARTESIAN_POINT('Ctrl Pts',(35.2757563095127,-82.868227239413,4.6));
#1640=CARTESIAN_POINT('Ctrl Pts',(35.2757563095127,-82.868227239413,2.5));
#1641=CARTESIAN_POINT('Ctrl Pts',(36.3966460942278,-80.2611257951854,4.6));
#1642=CARTESIAN_POINT('Ctrl Pts',(36.3966460942278,-80.2611257951854,2.5));
#1643=CARTESIAN_POINT('Ctrl Pts',(37.1207933273072,-77.4975790382464,4.6));
#1644=CARTESIAN_POINT('Ctrl Pts',(37.1207933273072,-77.4975790382464,2.5));
#1645=CARTESIAN_POINT('Ctrl Pts',(37.2796276079223,-74.6641811626783,4.6));
#1646=CARTESIAN_POINT('Ctrl Pts',(37.2796276079223,-74.6641811626783,2.5));
#1647=CARTESIAN_POINT('Ctrl Pts',(37.3238913825287,-73.8745727453469,4.6));
#1648=CARTESIAN_POINT('Ctrl Pts',(37.3238913825287,-73.8745727453469,2.5));
#1649=CARTESIAN_POINT('Ctrl Pts',(37.3241331218076,-73.0812849887549,4.6));
#1650=CARTESIAN_POINT('Ctrl Pts',(37.3241331218076,-73.0812849887549,2.5));
#1651=CARTESIAN_POINT('Ctrl Pts',(37.12524997357,-69.7325864266671,4.6));
#1652=CARTESIAN_POINT('Ctrl Pts',(37.12524997357,-69.7325864266671,2.5));
#1653=CARTESIAN_POINT('Ctrl Pts',(36.4897085042875,-67.2654327650038,4.6));
#1654=CARTESIAN_POINT('Ctrl Pts',(36.4897085042875,-67.2654327650038,2.5));
#1655=CARTESIAN_POINT('Ctrl Pts',(34.2689488298818,-62.701800750156,4.6));
#1656=CARTESIAN_POINT('Ctrl Pts',(34.2689488298818,-62.701800750156,2.5));
#1657=CARTESIAN_POINT('Ctrl Pts',(32.741883558777,-60.6921377919052,4.6));
#1658=CARTESIAN_POINT('Ctrl Pts',(32.741883558777,-60.6921377919052,2.5));
#1659=CARTESIAN_POINT('Ctrl Pts',(28.7575668765254,-56.9966435528243,4.6));
#1660=CARTESIAN_POINT('Ctrl Pts',(28.7575668765254,-56.9966435528243,2.5));
#1661=CARTESIAN_POINT('Ctrl Pts',(26.2514342803743,-55.4607032205342,4.6));
#1662=CARTESIAN_POINT('Ctrl Pts',(26.2514342803743,-55.4607032205342,2.5));
#1663=CARTESIAN_POINT('Ctrl Pts',(21.6878118486734,-53.5716634893483,4.6));
#1664=CARTESIAN_POINT('Ctrl Pts',(21.6878118486734,-53.5716634893483,2.5));
#1665=CARTESIAN_POINT('Ctrl Pts',(19.1721142049471,-52.7632776498397,4.6));
#1666=CARTESIAN_POINT('Ctrl Pts',(19.1721142049471,-52.7632776498397,2.5));
#1667=CARTESIAN_POINT('Ctrl Pts',(15.9287988572925,-52.3143418109212,4.6));
#1668=CARTESIAN_POINT('Ctrl Pts',(15.9287988572925,-52.3143418109212,2.5));
#1669=CARTESIAN_POINT('Ctrl Pts',(14.6916661055235,-52.1430993721708,4.6));
#1670=CARTESIAN_POINT('Ctrl Pts',(14.6916661055235,-52.1430993721708,2.5));
#1671=CARTESIAN_POINT('Ctrl Pts',(13.4465600367873,-52.0383364758629,4.6));
#1672=CARTESIAN_POINT('Ctrl Pts',(13.4465600367873,-52.0383364758629,2.5));
#1673=CARTESIAN_POINT('Ctrl Pts',(12.1984674940466,-51.9926590954221,4.6));
#1674=CARTESIAN_POINT('Ctrl Pts',(12.1984674940466,-51.9926590954221,2.5));
#1675=CARTESIAN_POINT('',(37.2796276079223,-74.6641811626783,4.));
#1676=CARTESIAN_POINT('Ctrl Pts',(41.6488927359947,-80.7767901428011,6.));
#1677=CARTESIAN_POINT('Ctrl Pts',(41.6488927359947,-80.7767901428011,2.49999434991592));
#1678=CARTESIAN_POINT('Ctrl Pts',(41.2927458295642,-80.6768329660898,6.));
#1679=CARTESIAN_POINT('Ctrl Pts',(41.2927458295642,-80.6768329660898,2.49999434991592));
#1680=CARTESIAN_POINT('Ctrl Pts',(40.9464192069487,-80.5441018340119,6.));
#1681=CARTESIAN_POINT('Ctrl Pts',(40.9464192069487,-80.5441018340119,2.49999434991592));
#1682=CARTESIAN_POINT('Ctrl Pts',(39.9138014821838,-80.0343682613034,6.));
#1683=CARTESIAN_POINT('Ctrl Pts',(39.9138014821838,-80.0343682613034,2.49999434991592));
#1684=CARTESIAN_POINT('Ctrl Pts',(39.2874662744914,-79.5550057921888,6.));
#1685=CARTESIAN_POINT('Ctrl Pts',(39.2874662744914,-79.5550057921888,2.49999434991592));
#1686=CARTESIAN_POINT('Ctrl Pts',(38.2537972489,-78.3831790051008,6.));
#1687=CARTESIAN_POINT('Ctrl Pts',(38.2537972489,-78.3831790051008,2.49999434991592));
#1688=CARTESIAN_POINT('Ctrl Pts',(37.8563458702788,-77.701917989907,6.));
#1689=CARTESIAN_POINT('Ctrl Pts',(37.8563458702788,-77.701917989907,2.49999434991592));
#1690=CARTESIAN_POINT('Ctrl Pts',(37.3449520740175,-76.2253929956893,6.));
#1691=CARTESIAN_POINT('Ctrl Pts',(37.3449520740175,-76.2253929956893,2.49999434991592));
#1692=CARTESIAN_POINT('Ctrl Pts',(37.2358988598008,-75.4442454003785,6.));
#1693=CARTESIAN_POINT('Ctrl Pts',(37.2358988598008,-75.4442454003785,2.49999434991592));
#1694=CARTESIAN_POINT('Ctrl Pts',(37.2796276079223,-74.6641811626783,6.));
#1695=CARTESIAN_POINT('Ctrl Pts',(37.2796276079223,-74.6641811626783,2.49999434991592));
#1696=CARTESIAN_POINT('',(41.6488927359947,-80.7767901428011,4.));
#1697=CARTESIAN_POINT('Origin',(-21.6738213295854,-58.5346538161638,3.));
#1698=CARTESIAN_POINT('',(-21.2829012066837,-56.5732304917612,4.));
#1699=CARTESIAN_POINT('Ctrl Pts',(36.0000005364418,-81.0000012069941,-10.));
#1700=CARTESIAN_POINT('Ctrl Pts',(36.0000005364418,-81.0000012069941,15.));
#1701=CARTESIAN_POINT('Ctrl Pts',(36.7855876263884,-78.7262937466155,-10.));
#1702=CARTESIAN_POINT('Ctrl Pts',(36.7855876263884,-78.7262937466155,15.));
#1703=CARTESIAN_POINT('Ctrl Pts',(37.7664518923167,-74.2026215423121,-10.));
#1704=CARTESIAN_POINT('Ctrl Pts',(37.7664518923167,-74.2026215423121,15.));
#1705=CARTESIAN_POINT('Ctrl Pts',(37.4576649241795,-67.6554075868032,-10.));
#1706=CARTESIAN_POINT('Ctrl Pts',(37.4576649241795,-67.6554075868032,15.));
#1707=CARTESIAN_POINT('Ctrl Pts',(33.708161535953,-60.0546830298038,-10.));
#1708=CARTESIAN_POINT('Ctrl Pts',(33.708161535953,-60.0546830298038,15.));
#1709=CARTESIAN_POINT('Ctrl Pts',(24.8741209878064,-53.7204319550289,-10.));
#1710=CARTESIAN_POINT('Ctrl Pts',(24.8741209878064,-53.7204319550289,15.));
#1711=CARTESIAN_POINT('Ctrl Pts',(13.7260448202701,-51.1897712938546,-10.));
#1712=CARTESIAN_POINT('Ctrl Pts',(13.7260448202701,-51.1897712938546,15.));
#1713=CARTESIAN_POINT('Ctrl Pts',(2.11238027608117,-52.2225926400973,-10.));
#1714=CARTESIAN_POINT('Ctrl Pts',(2.11238027608117,-52.2225926400973,15.));
#1715=CARTESIAN_POINT('Ctrl Pts',(-8.59273273037634,-55.2660115755655,-10.));
#1716=CARTESIAN_POINT('Ctrl Pts',(-8.59273273037634,-55.2660115755655,15.));
#1717=CARTESIAN_POINT('Ctrl Pts',(-17.6152545249579,-57.8533429815285,-10.));
#1718=CARTESIAN_POINT('Ctrl Pts',(-17.6152545249579,-57.8533429815285,15.));
#1719=CARTESIAN_POINT('Ctrl Pts',(-24.671133877983,-57.6216374812344,-10.));
#1720=CARTESIAN_POINT('Ctrl Pts',(-24.671133877983,-57.6216374812344,15.));
#1721=CARTESIAN_POINT('Ctrl Pts',(-29.9217646178039,-53.055286524916,-10.));
#1722=CARTESIAN_POINT('Ctrl Pts',(-29.9217646178039,-53.055286524916,15.));
#1723=CARTESIAN_POINT('Ctrl Pts',(-33.9321701988403,-44.5531520358173,-10.));
#1724=CARTESIAN_POINT('Ctrl Pts',(-33.9321701988403,-44.5531520358173,15.));
#1725=CARTESIAN_POINT('Ctrl Pts',(-37.5524497931938,-34.7024237529637,-10.));
#1726=CARTESIAN_POINT('Ctrl Pts',(-37.5524497931938,-34.7024237529637,15.));
#1727=CARTESIAN_POINT('Ctrl Pts',(-41.5726694500462,-26.8728968173041,-10.));
#1728=CARTESIAN_POINT('Ctrl Pts',(-41.5726694500462,-26.8728968173041,15.));
#1729=CARTESIAN_POINT('Ctrl Pts',(-46.4562695837284,-24.2469660585047,-10.));
#1730=CARTESIAN_POINT('Ctrl Pts',(-46.4562695837284,-24.2469660585047,15.));
#1731=CARTESIAN_POINT('Ctrl Pts',(-51.9734437445829,-28.5035194249732,-10.));
#1732=CARTESIAN_POINT('Ctrl Pts',(-51.9734437445829,-28.5035194249732,15.));
#1733=CARTESIAN_POINT('Ctrl Pts',(-57.0848655917913,-39.1974497319076,-10.));
#1734=CARTESIAN_POINT('Ctrl Pts',(-57.0848655917913,-39.1974497319076,15.));
#1735=CARTESIAN_POINT('Ctrl Pts',(-60.3763727242157,-54.5525411907912,-10.));
#1736=CARTESIAN_POINT('Ctrl Pts',(-60.3763727242157,-54.5525411907912,15.));
#1737=CARTESIAN_POINT('Ctrl Pts',(-60.3693980267461,-71.947437741238,-10.));
#1738=CARTESIAN_POINT('Ctrl Pts',(-60.3693980267461,-71.947437741238,15.));
#1739=CARTESIAN_POINT('Ctrl Pts',(-55.8988021746935,-88.5301652998458,-10.));
#1740=CARTESIAN_POINT('Ctrl Pts',(-55.8988021746935,-88.5301652998458,15.));
#1741=CARTESIAN_POINT('Ctrl Pts',(-46.4217867133666,-101.726803296421,-10.));
#1742=CARTESIAN_POINT('Ctrl Pts',(-46.4217867133666,-101.726803296421,15.));
#1743=CARTESIAN_POINT('Ctrl Pts',(-32.4726816064886,-109.909031623775,-10.));
#1744=CARTESIAN_POINT('Ctrl Pts',(-32.4726816064886,-109.909031623775,15.));
#1745=CARTESIAN_POINT('Ctrl Pts',(-15.6105638702479,-112.53098444582,-10.));
#1746=CARTESIAN_POINT('Ctrl Pts',(-15.6105638702479,-112.53098444582,15.));
#1747=CARTESIAN_POINT('Ctrl Pts',(2.04429016588996,-109.84447082747,-10.));
#1748=CARTESIAN_POINT('Ctrl Pts',(2.04429016588996,-109.84447082747,15.));
#1749=CARTESIAN_POINT('Ctrl Pts',(18.1489801559094,-102.744395544199,-10.));
#1750=CARTESIAN_POINT('Ctrl Pts',(18.1489801559094,-102.744395544199,15.));
#1751=CARTESIAN_POINT('Ctrl Pts',(28.0489270950874,-94.6057647081645,-10.));
#1752=CARTESIAN_POINT('Ctrl Pts',(28.0489270950874,-94.6057647081645,15.));
#1753=CARTESIAN_POINT('Ctrl Pts',(33.0529293526374,-87.8448663045832,-10.));
#1754=CARTESIAN_POINT('Ctrl Pts',(33.0529293526374,-87.8448663045832,15.));
#1755=CARTESIAN_POINT('Ctrl Pts',(35.2144134464953,-83.2737086673726,-10.));
#1756=CARTESIAN_POINT('Ctrl Pts',(35.2144134464953,-83.2737086673726,15.));
#1757=CARTESIAN_POINT('Ctrl Pts',(36.0000005364418,-81.0000012069941,-10.));
#1758=CARTESIAN_POINT('Ctrl Pts',(36.0000005364418,-81.0000012069941,15.));
#1759=CARTESIAN_POINT('',(-31.5106777318541,-49.0613672310024,4.));
#1760=CARTESIAN_POINT('',(-31.5106777318541,-49.0613672310024,4.));
#1761=CARTESIAN_POINT('',(-43.1584376340472,-26.8846256240273,4.));
#1762=CARTESIAN_POINT('Ctrl Pts',(-43.1584376340472,-26.8846256240273,4.));
#1763=CARTESIAN_POINT('Ctrl Pts',(-43.1584376340472,-26.8846256240273,4.16666666666667));
#1764=CARTESIAN_POINT('Ctrl Pts',(-43.1584376340472,-26.8846256240273,4.33333333333334));
#1765=CARTESIAN_POINT('Ctrl Pts',(-43.1584376340472,-26.8846256240273,4.5));
#1766=CARTESIAN_POINT('Ctrl Pts',(-31.5106777318541,-49.0613672310024,4.));
#1767=CARTESIAN_POINT('Ctrl Pts',(-31.6818078508682,-48.7485354373388,4.));
#1768=CARTESIAN_POINT('Ctrl Pts',(-31.8508202654556,-48.4289945480222,4.));
#1769=CARTESIAN_POINT('Ctrl Pts',(-32.0179516525819,-48.1034470045088,4.));
#1770=CARTESIAN_POINT('Ctrl Pts',(-32.1901976178787,-47.7679370093689,4.));
#1771=CARTESIAN_POINT('Ctrl Pts',(-32.3604457581661,-47.4260472717429,4.));
#1772=CARTESIAN_POINT('Ctrl Pts',(-32.5289589464017,-47.0786027160778,4.));
#1773=CARTESIAN_POINT('Ctrl Pts',(-32.7035137471478,-46.7187014180282,4.));
#1774=CARTESIAN_POINT('Ctrl Pts',(-32.8762070771357,-46.3528400579236,4.));
#1775=CARTESIAN_POINT('Ctrl Pts',(-33.0473335169313,-45.9819918707718,4.));
#1776=CARTESIAN_POINT('Ctrl Pts',(-33.2258462989998,-45.5951367378501,4.));
#1777=CARTESIAN_POINT('Ctrl Pts',(-33.4026541637672,-45.2028552488371,4.));
#1778=CARTESIAN_POINT('Ctrl Pts',(-33.5780919614074,-44.8063089718749,4.));
#1779=CARTESIAN_POINT('Ctrl Pts',(-33.7709402699836,-44.3704092979561,4.));
#1780=CARTESIAN_POINT('Ctrl Pts',(-33.9621333619291,-43.9293562944718,4.));
#1781=CARTESIAN_POINT('Ctrl Pts',(-34.1521130671114,-43.4847591001359,4.));
#1782=CARTESIAN_POINT('Ctrl Pts',(-34.3478005836754,-43.0268042846597,4.));
#1783=CARTESIAN_POINT('Ctrl Pts',(-34.5422009777496,-42.5650896710347,4.));
#1784=CARTESIAN_POINT('Ctrl Pts',(-34.7357898384348,-42.1014359436233,4.));
#1785=CARTESIAN_POINT('Ctrl Pts',(-34.941256562485,-41.6093342176883,4.));
#1786=CARTESIAN_POINT('Ctrl Pts',(-35.1458095441844,-41.115048627029,4.));
#1787=CARTESIAN_POINT('Ctrl Pts',(-35.3500037537472,-40.6208170747006,4.));
#1788=CARTESIAN_POINT('Ctrl Pts',(-35.5691581486367,-40.0903758980493,4.));
#1789=CARTESIAN_POINT('Ctrl Pts',(-35.7878999719002,-39.5599978406119,4.));
#1790=CARTESIAN_POINT('Ctrl Pts',(-36.0068910031939,-39.0325072377355,4.));
#1791=CARTESIAN_POINT('Ctrl Pts',(-36.2394260334994,-38.4723927773344,4.));
#1792=CARTESIAN_POINT('Ctrl Pts',(-36.4722430120453,-37.91553566342,4.));
#1793=CARTESIAN_POINT('Ctrl Pts',(-36.7060945585854,-37.3653596540173,4.));
#1794=CARTESIAN_POINT('Ctrl Pts',(-36.9360828765204,-36.8242725547752,4.));
#1795=CARTESIAN_POINT('Ctrl Pts',(-37.1670723240292,-36.2896498263887,4.));
#1796=CARTESIAN_POINT('Ctrl Pts',(-37.3997315534393,-35.7647577717296,4.));
#1797=CARTESIAN_POINT('Ctrl Pts',(-37.6188511600711,-35.270411852882,4.));
#1798=CARTESIAN_POINT('Ctrl Pts',(-37.8394518829319,-34.7846986002828,4.));
#1799=CARTESIAN_POINT('Ctrl Pts',(-38.0620472466027,-34.3103286558506,4.));
#1800=CARTESIAN_POINT('Ctrl Pts',(-38.2568181898146,-33.8952549544724,4.));
#1801=CARTESIAN_POINT('Ctrl Pts',(-38.4531158816521,-33.4888666276544,4.));
#1802=CARTESIAN_POINT('Ctrl Pts',(-38.651252080225,-33.0929512844782,4.));
#1803=CARTESIAN_POINT('Ctrl Pts',(-38.8356422529861,-32.7245032217173,4.));
#1804=CARTESIAN_POINT('Ctrl Pts',(-39.0216245824411,-32.3651258193999,4.));
#1805=CARTESIAN_POINT('Ctrl Pts',(-39.2094233055759,-32.0162263498075,4.));
#1806=CARTESIAN_POINT('Ctrl Pts',(-39.3892401776098,-31.68215586078,4.));
#1807=CARTESIAN_POINT('Ctrl Pts',(-39.5707223188076,-31.3576919362318,4.));
#1808=CARTESIAN_POINT('Ctrl Pts',(-39.7540414327516,-31.0440323178475,4.));
#1809=CARTESIAN_POINT('Ctrl Pts',(-39.9308900093754,-30.7414438105051,4.));
#1810=CARTESIAN_POINT('Ctrl Pts',(-40.1094481735989,-30.4489106509623,4.));
#1811=CARTESIAN_POINT('Ctrl Pts',(-40.289846135519,-30.1674676278213,4.));
#1812=CARTESIAN_POINT('Ctrl Pts',(-40.4648102889809,-29.8945020146432,4.));
#1813=CARTESIAN_POINT('Ctrl Pts',(-40.6415050837956,-29.6319687401971,4.));
#1814=CARTESIAN_POINT('Ctrl Pts',(-40.8200262651625,-29.3807692055163,4.));
#1815=CARTESIAN_POINT('Ctrl Pts',(-40.9938624823293,-29.1361619464299,4.));
#1816=CARTESIAN_POINT('Ctrl Pts',(-41.1694304942024,-28.9023015658345,4.));
#1817=CARTESIAN_POINT('Ctrl Pts',(-41.3467963538517,-28.6799760686941,4.));
#1818=CARTESIAN_POINT('Ctrl Pts',(-41.5186264095686,-28.4645896203864,4.));
#1819=CARTESIAN_POINT('Ctrl Pts',(-41.6921438202246,-28.2600293620179,4.));
#1820=CARTESIAN_POINT('Ctrl Pts',(-41.8673874751523,-28.0669675541892,4.));
#1821=CARTESIAN_POINT('Ctrl Pts',(-42.0408813214898,-27.8758334692781,4.));
#1822=CARTESIAN_POINT('Ctrl Pts',(-42.2160671219104,-27.6959694800321,4.));
#1823=CARTESIAN_POINT('Ctrl Pts',(-42.3929613858329,-27.5279817095391,4.));
#1824=CARTESIAN_POINT('Ctrl Pts',(-42.5678707107862,-27.3618789378279,4.));
#1825=CARTESIAN_POINT('Ctrl Pts',(-42.7444503599826,-27.2073874059776,4.));
#1826=CARTESIAN_POINT('Ctrl Pts',(-42.9226955236158,-27.0650465610887,4.));
#1827=CARTESIAN_POINT('Ctrl Pts',(-43.0009559902722,-27.0025502738503,4.));
#1828=CARTESIAN_POINT('Ctrl Pts',(-43.0795372553037,-26.942395715827,4.));
#1829=CARTESIAN_POINT('Ctrl Pts',(-43.1584376340472,-26.8846256240273,4.));
#1830=CARTESIAN_POINT('Ctrl Pts',(-21.2829012066837,-56.5732304917612,6.));
#1831=CARTESIAN_POINT('Ctrl Pts',(-21.2829012066837,-56.5732304917612,2.5));
#1832=CARTESIAN_POINT('Ctrl Pts',(-22.4712224496254,-56.3363929460065,6.));
#1833=CARTESIAN_POINT('Ctrl Pts',(-22.4712224496254,-56.3363929460065,2.5));
#1834=CARTESIAN_POINT('Ctrl Pts',(-23.6264805169495,-55.9564374839241,6.));
#1835=CARTESIAN_POINT('Ctrl Pts',(-23.6264805169495,-55.9564374839241,2.49999999999999));
#1836=CARTESIAN_POINT('Ctrl Pts',(-25.8203105458199,-54.9269194401534,6.));
#1837=CARTESIAN_POINT('Ctrl Pts',(-25.8203105458199,-54.9269194401534,2.49999999999999));
#1838=CARTESIAN_POINT('Ctrl Pts',(-26.8508226548203,-54.2811391768386,6.));
#1839=CARTESIAN_POINT('Ctrl Pts',(-26.8508226548203,-54.2811391768386,2.49999999999999));
#1840=CARTESIAN_POINT('Ctrl Pts',(-29.3101544414982,-52.2890610992892,6.));
#1841=CARTESIAN_POINT('Ctrl Pts',(-29.3101544414982,-52.2890610992892,2.49999999999999));
#1842=CARTESIAN_POINT('Ctrl Pts',(-30.5732857336134,-50.7749523197354,6.));
#1843=CARTESIAN_POINT('Ctrl Pts',(-30.5732857336134,-50.7749523197354,2.5));
#1844=CARTESIAN_POINT('Ctrl Pts',(-31.5106777318541,-49.0613672310024,6.));
#1845=CARTESIAN_POINT('Ctrl Pts',(-31.5106777318541,-49.0613672310024,2.5));
#1846=CARTESIAN_POINT('',(-31.5106777318541,-49.0613672310024,4.));
#1847=CARTESIAN_POINT('Origin',(15.376904245999,67.8463545303842,5.));
#1848=CARTESIAN_POINT('',(12.376904245999,67.8463545303842,3.5));
#1849=CARTESIAN_POINT('',(12.376904245999,67.8463545303842,5.));
#1850=CARTESIAN_POINT('Origin',(15.376904245999,67.8463545303842,3.5));
#1851=CARTESIAN_POINT('Origin',(15.376904245999,67.8463545303842,3.5));
#1852=CARTESIAN_POINT('',(17.126904245999,67.8463545303842,3.5));
#1853=CARTESIAN_POINT('Origin',(15.376904245999,67.8463545303842,3.5));
#1854=CARTESIAN_POINT('Origin',(-13.373095754001,-50.6536454696158,5.));
#1855=CARTESIAN_POINT('',(-16.373095754001,-50.6536454696158,3.5));
#1856=CARTESIAN_POINT('',(-16.373095754001,-50.6536454696158,5.));
#1857=CARTESIAN_POINT('Origin',(-13.373095754001,-50.6536454696158,3.5));
#1858=CARTESIAN_POINT('Origin',(-13.373095754001,-50.6536454696158,3.5));
#1859=CARTESIAN_POINT('',(-11.623095754001,-50.6536454696158,3.5));
#1860=CARTESIAN_POINT('Origin',(-13.373095754001,-50.6536454696158,3.5));
#1861=CARTESIAN_POINT('Origin',(-13.373095754001,67.8463545303842,5.));
#1862=CARTESIAN_POINT('',(-16.373095754001,67.8463545303842,3.5));
#1863=CARTESIAN_POINT('',(-16.373095754001,67.8463545303842,5.));
#1864=CARTESIAN_POINT('Origin',(-13.373095754001,67.8463545303842,3.5));
#1865=CARTESIAN_POINT('Origin',(-13.373095754001,67.8463545303842,3.5));
#1866=CARTESIAN_POINT('',(-11.623095754001,67.8463545303842,3.5));
#1867=CARTESIAN_POINT('Origin',(-13.373095754001,67.8463545303842,3.5));
#1868=CARTESIAN_POINT('Origin',(15.376904245999,-50.6536454696158,3.));
#1869=CARTESIAN_POINT('',(17.126904245999,-50.6536454696158,3.));
#1870=CARTESIAN_POINT('Ctrl Pts',(-38.6236338309972,65.9166706683781,4.));
#1871=CARTESIAN_POINT('Ctrl Pts',(-38.6236338309972,65.9166706683781,4.16666666666666));
#1872=CARTESIAN_POINT('Ctrl Pts',(-38.6236338309972,65.9166706683781,4.33333333333334));
#1873=CARTESIAN_POINT('Ctrl Pts',(-38.6236338309972,65.9166706683781,4.5));
#1874=CARTESIAN_POINT('Ctrl Pts',(-39.6267631747534,66.068672806872,4.));
#1875=CARTESIAN_POINT('Ctrl Pts',(-39.6267631747534,66.068672806872,4.16666666666666));
#1876=CARTESIAN_POINT('Ctrl Pts',(-39.6267631747534,66.068672806872,4.33333333333334));
#1877=CARTESIAN_POINT('Ctrl Pts',(-39.6267631747534,66.068672806872,4.5));
#1878=CARTESIAN_POINT('Ctrl Pts',(-41.5673131466848,66.7862210038989,3.99999999999999));
#1879=CARTESIAN_POINT('Ctrl Pts',(-41.5673131466848,66.7862210038989,4.16666666666666));
#1880=CARTESIAN_POINT('Ctrl Pts',(-41.5673131466848,66.7862210038989,4.33333333333334));
#1881=CARTESIAN_POINT('Ctrl Pts',(-41.5673131466848,66.7862210038989,4.5));
#1882=CARTESIAN_POINT('Ctrl Pts',(-44.200939784414,69.2800729307834,3.99999999999999));
#1883=CARTESIAN_POINT('Ctrl Pts',(-44.200939784414,69.2800729307834,4.16666666666666));
#1884=CARTESIAN_POINT('Ctrl Pts',(-44.200939784414,69.2800729307834,4.33333333333333));
#1885=CARTESIAN_POINT('Ctrl Pts',(-44.200939784414,69.2800729307834,4.5));
#1886=CARTESIAN_POINT('Ctrl Pts',(-45.0000006705523,71.8101524770935,4.));
#1887=CARTESIAN_POINT('Ctrl Pts',(-45.0000006705523,71.8101524770935,4.16666666666666));
#1888=CARTESIAN_POINT('Ctrl Pts',(-45.0000006705523,71.8101524770935,4.33333333333334));
#1889=CARTESIAN_POINT('Ctrl Pts',(-45.0000006705523,71.8101524770935,4.5));
#1890=CARTESIAN_POINT('Ctrl Pts',(-45.0000006705523,73.3320228866311,4.));
#1891=CARTESIAN_POINT('Ctrl Pts',(-45.0000006705523,73.3320228866311,4.16666666666666));
#1892=CARTESIAN_POINT('Ctrl Pts',(-45.0000006705523,73.3320228866311,4.33333333333334));
#1893=CARTESIAN_POINT('Ctrl Pts',(-45.0000006705523,73.3320228866311,4.5));
#1894=CARTESIAN_POINT('',(-45.0000006705523,73.3320228866311,4.));
#1895=CARTESIAN_POINT('Ctrl Pts',(-45.0000006705523,73.3320228866311,4.5));
#1896=CARTESIAN_POINT('Ctrl Pts',(-45.0000006705523,73.3320228866311,4.33333333333334));
#1897=CARTESIAN_POINT('Ctrl Pts',(-45.0000006705523,73.3320228866311,4.16666666666666));
#1898=CARTESIAN_POINT('Ctrl Pts',(-45.0000006705523,73.3320228866311,4.));
#1899=CARTESIAN_POINT('',(-38.6236338309972,65.9166706683781,4.));
#1900=CARTESIAN_POINT('Ctrl Pts',(-45.0000006705523,73.3320228866311,4.));
#1901=CARTESIAN_POINT('Ctrl Pts',(-45.0000006705523,71.8101524770935,4.));
#1902=CARTESIAN_POINT('Ctrl Pts',(-44.5205641388693,70.2921047493074,4.));
#1903=CARTESIAN_POINT('Ctrl Pts',(-43.6515712479229,69.0436094484227,4.));
#1904=CARTESIAN_POINT('Ctrl Pts',(-43.0722426539586,68.2112792478329,4.));
#1905=CARTESIAN_POINT('Ctrl Pts',(-42.3197779003217,67.4987501258659,4.));
#1906=CARTESIAN_POINT('Ctrl Pts',(-41.4584080305204,66.9630985156257,4.));
#1907=CARTESIAN_POINT('Ctrl Pts',(-40.5970381607191,66.4274469053855,4.));
#1908=CARTESIAN_POINT('Ctrl Pts',(-39.6267631747534,66.068672806872,4.));
#1909=CARTESIAN_POINT('Ctrl Pts',(-38.6236338309972,65.9166706683781,4.));
#1910=CARTESIAN_POINT('Ctrl Pts',(-38.6236338309972,65.9166706683781,4.));
#1911=CARTESIAN_POINT('Ctrl Pts',(-38.6236338309972,65.9166706683781,4.16666666666666));
#1912=CARTESIAN_POINT('Ctrl Pts',(-38.6236338309972,65.9166706683781,4.33333333333334));
#1913=CARTESIAN_POINT('Ctrl Pts',(-38.6236338309972,65.9166706683781,4.5));
#1914=CARTESIAN_POINT('Origin',(-45.0000006705523,78.0000011622906,0.));
#1915=CARTESIAN_POINT('',(-45.0000006705523,74.0000011622906,4.));
#1916=CARTESIAN_POINT('',(-45.0000006705523,73.3320228866311,4.));
#1917=CARTESIAN_POINT('Origin',(-41.0000006705523,74.0000011622906,0.));
#1918=CARTESIAN_POINT('',(-41.0000006705523,78.0000011622906,0.));
#1919=CARTESIAN_POINT('Origin',(48.0000007152557,78.0000011622906,0.));
#1920=CARTESIAN_POINT('',(39.5000007152557,78.0000011622906,4.));
#1921=CARTESIAN_POINT('Origin',(39.5000007152557,69.5000011622906,0.));
#1922=CARTESIAN_POINT('',(48.0000007152557,69.5000011622906,4.));
#1923=CARTESIAN_POINT('Origin',(48.0000007152557,-81.0000012069941,0.));
#1924=CARTESIAN_POINT('',(48.0000007152557,-75.9627993629619,4.));
#1925=CARTESIAN_POINT('Ctrl Pts',(-38.6236338309972,65.9166706683781,4.));
#1926=CARTESIAN_POINT('Ctrl Pts',(-38.6236338309972,65.9166706683781,2.4999929373949));
#1927=CARTESIAN_POINT('Ctrl Pts',(-39.4182481482275,66.0370769512255,4.));
#1928=CARTESIAN_POINT('Ctrl Pts',(-39.4182481482275,66.0370769512255,2.4999929373949));
#1929=CARTESIAN_POINT('Ctrl Pts',(-40.1883679159355,66.2844281806305,4.));
#1930=CARTESIAN_POINT('Ctrl Pts',(-40.1883679159355,66.2844281806305,2.4999929373949));
#1931=CARTESIAN_POINT('Ctrl Pts',(-41.6205940454522,67.0140627866599,4.));
#1932=CARTESIAN_POINT('Ctrl Pts',(-41.6205940454522,67.0140627866599,2.4999929373949));
#1933=CARTESIAN_POINT('Ctrl Pts',(-42.2734345348671,67.4916257486695,4.));
#1934=CARTESIAN_POINT('Ctrl Pts',(-42.2734345348671,67.4916257486695,2.4999929373949));
#1935=CARTESIAN_POINT('Ctrl Pts',(-43.5240070223237,68.7587180774705,4.));
#1936=CARTESIAN_POINT('Ctrl Pts',(-43.5240070223237,68.7587180774705,2.4999929373949));
#1937=CARTESIAN_POINT('Ctrl Pts',(-44.0677051947934,69.5811527627883,4.));
#1938=CARTESIAN_POINT('Ctrl Pts',(-44.0677051947934,69.5811527627883,2.4999929373949));
#1939=CARTESIAN_POINT('Ctrl Pts',(-44.8092467898176,71.3881374549046,4.));
#1940=CARTESIAN_POINT('Ctrl Pts',(-44.8092467898176,71.3881374549046,2.4999929373949));
#1941=CARTESIAN_POINT('Ctrl Pts',(-45.0000006705523,72.3554117031637,4.));
#1942=CARTESIAN_POINT('Ctrl Pts',(-45.0000006705523,72.3554117031637,2.4999929373949));
#1943=CARTESIAN_POINT('Ctrl Pts',(-45.0000006705523,73.3320228866311,4.));
#1944=CARTESIAN_POINT('Ctrl Pts',(-45.0000006705523,73.3320228866311,2.4999929373949));
#1945=CARTESIAN_POINT('',(-38.6236338309972,65.9166706683781,4.));
#1946=CARTESIAN_POINT('Ctrl Pts',(-33.9883584613244,-12.8045517295227,4.));
#1947=CARTESIAN_POINT('Ctrl Pts',(-33.9883584613244,-12.8045517295227,2.47928375920188));
#1948=CARTESIAN_POINT('Ctrl Pts',(-32.4469723140346,-13.158018489765,4.));
#1949=CARTESIAN_POINT('Ctrl Pts',(-32.4469723140346,-13.158018489765,2.47928375920188));
#1950=CARTESIAN_POINT('Ctrl Pts',(-30.7572296473515,-13.4915269131173,4.));
#1951=CARTESIAN_POINT('Ctrl Pts',(-30.7572296473515,-13.4915269131173,2.47928375920188));
#1952=CARTESIAN_POINT('Ctrl Pts',(-28.8821810625955,-13.8382953525817,4.));
#1953=CARTESIAN_POINT('Ctrl Pts',(-28.8821810625955,-13.8382953525817,2.47928375920188));
#1954=CARTESIAN_POINT('Ctrl Pts',(-28.5841263193079,-13.8934171126497,4.));
#1955=CARTESIAN_POINT('Ctrl Pts',(-28.5841263193079,-13.8934171126497,2.47928375920188));
#1956=CARTESIAN_POINT('Ctrl Pts',(-28.2649249227005,-13.9520213520332,4.));
#1957=CARTESIAN_POINT('Ctrl Pts',(-28.2649249227005,-13.9520213520332,2.47928375920188));
#1958=CARTESIAN_POINT('Ctrl Pts',(-27.824811047087,-14.0318037646568,4.));
#1959=CARTESIAN_POINT('Ctrl Pts',(-27.824811047087,-14.0318037646568,2.47928375920188));
#1960=CARTESIAN_POINT('Ctrl Pts',(-25.2566281583696,-14.4973556099265,4.));
#1961=CARTESIAN_POINT('Ctrl Pts',(-25.2566281583696,-14.4973556099265,2.47928375920188));
#1962=CARTESIAN_POINT('Ctrl Pts',(-19.6700328292895,-15.4906531986767,4.));
#1963=CARTESIAN_POINT('Ctrl Pts',(-19.6700328292895,-15.4906531986767,2.47928375920188));
#1964=CARTESIAN_POINT('Ctrl Pts',(-14.7202570434237,-16.2791262644549,4.));
#1965=CARTESIAN_POINT('Ctrl Pts',(-14.7202570434237,-16.2791262644549,2.47928375920188));
#1966=CARTESIAN_POINT('Ctrl Pts',(-13.3995002019164,-16.4895158338055,4.));
#1967=CARTESIAN_POINT('Ctrl Pts',(-13.3995002019164,-16.4895158338055,2.47928375920188));
#1968=CARTESIAN_POINT('Ctrl Pts',(-12.1236886938079,-16.6828958790116,4.));
#1969=CARTESIAN_POINT('Ctrl Pts',(-12.1236886938079,-16.6828958790116,2.47928375920188));
#1970=CARTESIAN_POINT('Ctrl Pts',(-10.9625114525836,-16.8467725421139,4.));
#1971=CARTESIAN_POINT('Ctrl Pts',(-10.9625114525836,-16.8467725421139,2.47928375920188));
#1972=CARTESIAN_POINT('Ctrl Pts',(-9.77337047043386,-17.0145957212071,4.));
#1973=CARTESIAN_POINT('Ctrl Pts',(-9.77337047043386,-17.0145957212071,2.47928375920188));
#1974=CARTESIAN_POINT('Ctrl Pts',(-8.60715412700828,-17.1660162384528,4.));
#1975=CARTESIAN_POINT('Ctrl Pts',(-8.60715412700828,-17.1660162384528,2.47928375920188));
#1976=CARTESIAN_POINT('Ctrl Pts',(-7.45518768263372,-17.2970042098622,4.));
#1977=CARTESIAN_POINT('Ctrl Pts',(-7.45518768263372,-17.2970042098622,2.47928375920188));
#1978=CARTESIAN_POINT('Ctrl Pts',(-2.64479389680904,-17.8439851803258,4.));
#1979=CARTESIAN_POINT('Ctrl Pts',(-2.64479389680904,-17.8439851803258,2.47928375920188));
#1980=CARTESIAN_POINT('Ctrl Pts',(1.8409490033546,-18.0328353846937,4.));
#1981=CARTESIAN_POINT('Ctrl Pts',(1.8409490033546,-18.0328353846937,2.47928375920188));
#1982=CARTESIAN_POINT('Ctrl Pts',(6.02187549854026,-17.4339393311548,4.));
#1983=CARTESIAN_POINT('Ctrl Pts',(6.02187549854026,-17.4339393311548,2.47928375920188));
#1984=CARTESIAN_POINT('Ctrl Pts',(8.53304262174583,-17.0742276544257,4.));
#1985=CARTESIAN_POINT('Ctrl Pts',(8.53304262174583,-17.0742276544257,2.47928375920188));
#1986=CARTESIAN_POINT('Ctrl Pts',(10.9571726142146,-16.4227835828903,4.));
#1987=CARTESIAN_POINT('Ctrl Pts',(10.9571726142146,-16.4227835828903,2.47928375920188));
#1988=CARTESIAN_POINT('Ctrl Pts',(13.2632738483612,-15.35680384792,4.));
#1989=CARTESIAN_POINT('Ctrl Pts',(13.2632738483612,-15.35680384792,2.47928375920188));
#1990=CARTESIAN_POINT('Ctrl Pts',(14.8450129340126,-14.625655628428,4.));
#1991=CARTESIAN_POINT('Ctrl Pts',(14.8450129340126,-14.625655628428,2.47928375920188));
#1992=CARTESIAN_POINT('Ctrl Pts',(16.3451993167742,-13.7040143880624,4.));
#1993=CARTESIAN_POINT('Ctrl Pts',(16.3451993167742,-13.7040143880624,2.47928375920188));
#1994=CARTESIAN_POINT('Ctrl Pts',(17.7051031324736,-12.6449644773772,4.));
#1995=CARTESIAN_POINT('Ctrl Pts',(17.7051031324736,-12.6449644773772,2.47928375920188));
#1996=CARTESIAN_POINT('Ctrl Pts',(19.0646151523445,-11.5862196848426,4.));
#1997=CARTESIAN_POINT('Ctrl Pts',(19.0646151523445,-11.5862196848426,2.47928375920188));
#1998=CARTESIAN_POINT('Ctrl Pts',(20.3013885257489,-10.3876782840726,4.));
#1999=CARTESIAN_POINT('Ctrl Pts',(20.3013885257489,-10.3876782840726,2.47928375920188));
#2000=CARTESIAN_POINT('Ctrl Pts',(21.4540755972298,-9.05015257255188,4.));
#2001=CARTESIAN_POINT('Ctrl Pts',(21.4540755972298,-9.05015257255188,2.47928375920188));
#2002=CARTESIAN_POINT('Ctrl Pts',(23.2989941032718,-6.90939295223188,4.));
#2003=CARTESIAN_POINT('Ctrl Pts',(23.2989941032718,-6.90939295223188,2.47928375920188));
#2004=CARTESIAN_POINT('Ctrl Pts',(25.0506691198119,-4.26400019709685,4.));
#2005=CARTESIAN_POINT('Ctrl Pts',(25.0506691198119,-4.26400019709685,2.47928375920188));
#2006=CARTESIAN_POINT('Ctrl Pts',(26.7034025142308,-0.992059260702278,4.));
#2007=CARTESIAN_POINT('Ctrl Pts',(26.7034025142308,-0.992059260702278,2.47928375920188));
#2008=CARTESIAN_POINT('Ctrl Pts',(27.715997228539,1.01258958883993,4.));
#2009=CARTESIAN_POINT('Ctrl Pts',(27.715997228539,1.01258958883993,2.47928375920188));
#2010=CARTESIAN_POINT('Ctrl Pts',(28.6948418424542,3.27921205938188,4.));
#2011=CARTESIAN_POINT('Ctrl Pts',(28.6948418424542,3.27921205938188,2.47928375920188));
#2012=CARTESIAN_POINT('Ctrl Pts',(29.5559664641883,5.56318181564775,4.));
#2013=CARTESIAN_POINT('Ctrl Pts',(29.5559664641883,5.56318181564775,2.47928375920188));
#2014=CARTESIAN_POINT('Ctrl Pts',(32.0039596134691,12.0560194089387,4.));
#2015=CARTESIAN_POINT('Ctrl Pts',(32.0039596134691,12.0560194089387,2.47928375920188));
#2016=CARTESIAN_POINT('Ctrl Pts',(33.6806094496727,18.9691376447045,4.));
#2017=CARTESIAN_POINT('Ctrl Pts',(33.6806094496727,18.9691376447045,2.47928375920188));
#2018=CARTESIAN_POINT('Ctrl Pts',(34.7209021305627,24.2583175618321,4.));
#2019=CARTESIAN_POINT('Ctrl Pts',(34.7209021305627,24.2583175618321,2.47928375920188));
#2020=CARTESIAN_POINT('Ctrl Pts',(35.0277430887221,25.8183948972416,4.));
#2021=CARTESIAN_POINT('Ctrl Pts',(35.0277430887221,25.8183948972416,2.47928375920188));
#2022=CARTESIAN_POINT('Ctrl Pts',(35.2698230864822,27.1722544377867,4.));
#2023=CARTESIAN_POINT('Ctrl Pts',(35.2698230864822,27.1722544377867,2.47928375920188));
#2024=CARTESIAN_POINT('Ctrl Pts',(35.5050301457985,28.6263428290235,4.));
#2025=CARTESIAN_POINT('Ctrl Pts',(35.5050301457985,28.6263428290235,2.47928375920188));
#2026=CARTESIAN_POINT('Ctrl Pts',(36.1801185831107,32.7998496217496,4.));
#2027=CARTESIAN_POINT('Ctrl Pts',(36.1801185831107,32.7998496217496,2.47928375920188));
#2028=CARTESIAN_POINT('Ctrl Pts',(36.7114725442112,37.3761132369858,4.));
#2029=CARTESIAN_POINT('Ctrl Pts',(36.7114725442112,37.3761132369858,2.47928375920188));
#2030=CARTESIAN_POINT('Ctrl Pts',(36.6671611308431,41.580831003684,4.));
#2031=CARTESIAN_POINT('Ctrl Pts',(36.6671611308431,41.580831003684,2.47928375920188));
#2032=CARTESIAN_POINT('Ctrl Pts',(36.6359502017709,44.5424415236391,4.));
#2033=CARTESIAN_POINT('Ctrl Pts',(36.6359502017709,44.5424415236391,2.47928375920188));
#2034=CARTESIAN_POINT('Ctrl Pts',(36.3048425880897,47.2942402376867,4.));
#2035=CARTESIAN_POINT('Ctrl Pts',(36.3048425880897,47.2942402376867,2.47928375920188));
#2036=CARTESIAN_POINT('Ctrl Pts',(35.5727586958276,49.6496575579126,4.));
#2037=CARTESIAN_POINT('Ctrl Pts',(35.5727586958276,49.6496575579126,2.47928375920188));
#2038=CARTESIAN_POINT('Ctrl Pts',(34.7105298378941,52.4238051760223,4.));
#2039=CARTESIAN_POINT('Ctrl Pts',(34.7105298378941,52.4238051760223,2.47928375920188));
#2040=CARTESIAN_POINT('Ctrl Pts',(33.2454198152544,54.7321387830768,4.));
#2041=CARTESIAN_POINT('Ctrl Pts',(33.2454198152544,54.7321387830768,2.47928375920188));
#2042=CARTESIAN_POINT('Ctrl Pts',(31.2362188533476,56.4899317381755,4.));
#2043=CARTESIAN_POINT('Ctrl Pts',(31.2362188533476,56.4899317381755,2.47928375920188));
#2044=CARTESIAN_POINT('Ctrl Pts',(28.4811750328957,58.9002414634819,4.));
#2045=CARTESIAN_POINT('Ctrl Pts',(28.4811750328957,58.9002414634819,2.47928375920188));
#2046=CARTESIAN_POINT('Ctrl Pts',(24.7029154625512,60.3795348726896,4.));
#2047=CARTESIAN_POINT('Ctrl Pts',(24.7029154625512,60.3795348726896,2.47928375920188));
#2048=CARTESIAN_POINT('Ctrl Pts',(20.1752201784951,61.3549273175827,4.));
#2049=CARTESIAN_POINT('Ctrl Pts',(20.1752201784951,61.3549273175827,2.47928375920188));
#2050=CARTESIAN_POINT('Ctrl Pts',(16.7343890327584,62.0961787696235,4.));
#2051=CARTESIAN_POINT('Ctrl Pts',(16.7343890327584,62.0961787696235,2.47928375920188));
#2052=CARTESIAN_POINT('Ctrl Pts',(12.8960286161455,62.5383122488515,4.));
#2053=CARTESIAN_POINT('Ctrl Pts',(12.8960286161455,62.5383122488515,2.47928375920188));
#2054=CARTESIAN_POINT('Ctrl Pts',(8.91006306565186,62.8416042366155,4.));
#2055=CARTESIAN_POINT('Ctrl Pts',(8.91006306565186,62.8416042366155,2.47928375920188));
#2056=CARTESIAN_POINT('Ctrl Pts',(5.07325873975903,63.1335465517009,4.));
#2057=CARTESIAN_POINT('Ctrl Pts',(5.07325873975903,63.1335465517009,2.47928375920188));
#2058=CARTESIAN_POINT('Ctrl Pts',(1.01368992580381,63.3030681856588,4.));
#2059=CARTESIAN_POINT('Ctrl Pts',(1.01368992580381,63.3030681856588,2.47928375920188));
#2060=CARTESIAN_POINT('Ctrl Pts',(-3.23122020354389,63.4532811155804,4.));
#2061=CARTESIAN_POINT('Ctrl Pts',(-3.23122020354389,63.4532811155804,2.47928375920188));
#2062=CARTESIAN_POINT('Ctrl Pts',(-6.48608834399563,63.568459827258,4.));
#2063=CARTESIAN_POINT('Ctrl Pts',(-6.48608834399563,63.568459827258,2.47928375920188));
#2064=CARTESIAN_POINT('Ctrl Pts',(-9.84031176910816,63.6710627707913,4.));
#2065=CARTESIAN_POINT('Ctrl Pts',(-9.84031176910816,63.6710627707913,2.47928375920188));
#2066=CARTESIAN_POINT('Ctrl Pts',(-13.2539804783299,63.8035368994921,4.));
#2067=CARTESIAN_POINT('Ctrl Pts',(-13.2539804783299,63.8035368994921,2.47928375920188));
#2068=CARTESIAN_POINT('Ctrl Pts',(-15.612454682268,63.8950621299241,4.));
#2069=CARTESIAN_POINT('Ctrl Pts',(-15.612454682268,63.8950621299241,2.47928375920188));
#2070=CARTESIAN_POINT('Ctrl Pts',(-17.9993046740871,64.0008236016931,4.));
#2071=CARTESIAN_POINT('Ctrl Pts',(-17.9993046740871,64.0008236016931,2.47928375920188));
#2072=CARTESIAN_POINT('Ctrl Pts',(-20.4013666704971,64.135067303827,4.));
#2073=CARTESIAN_POINT('Ctrl Pts',(-20.4013666704971,64.135067303827,2.47928375920188));
#2074=CARTESIAN_POINT('Ctrl Pts',(-21.9120753529269,64.2194960682295,4.));
#2075=CARTESIAN_POINT('Ctrl Pts',(-21.9120753529269,64.2194960682295,2.47928375920188));
#2076=CARTESIAN_POINT('Ctrl Pts',(-23.4163124986699,64.3152078304633,4.));
#2077=CARTESIAN_POINT('Ctrl Pts',(-23.4163124986699,64.3152078304633,2.47928375920188));
#2078=CARTESIAN_POINT('Ctrl Pts',(-24.7995359947884,64.4150199990035,4.));
#2079=CARTESIAN_POINT('Ctrl Pts',(-24.7995359947884,64.4150199990035,2.47928375920188));
#2080=CARTESIAN_POINT('Ctrl Pts',(-30.7670421825962,64.845629900479,4.));
#2081=CARTESIAN_POINT('Ctrl Pts',(-30.7670421825962,64.845629900479,2.47928375920188));
#2082=CARTESIAN_POINT('Ctrl Pts',(-35.1033307358255,65.3832463378635,4.));
#2083=CARTESIAN_POINT('Ctrl Pts',(-35.1033307358255,65.3832463378635,2.47928375920188));
#2084=CARTESIAN_POINT('Ctrl Pts',(-38.6236338309972,65.9166706683781,4.));
#2085=CARTESIAN_POINT('Ctrl Pts',(-38.6236338309972,65.9166706683781,2.47928375920188));
#2086=CARTESIAN_POINT('',(-33.9883584613244,-12.8045517295227,4.));
#2087=CARTESIAN_POINT('Ctrl Pts',(-33.9883584613244,-12.8045517295227,4.));
#2088=CARTESIAN_POINT('Ctrl Pts',(-32.4469723140346,-13.158018489765,4.));
#2089=CARTESIAN_POINT('Ctrl Pts',(-30.7572296473515,-13.4915269131173,4.));
#2090=CARTESIAN_POINT('Ctrl Pts',(-28.8821810625955,-13.8382953525817,4.));
#2091=CARTESIAN_POINT('Ctrl Pts',(-28.5841263193079,-13.8934171126497,4.));
#2092=CARTESIAN_POINT('Ctrl Pts',(-28.2649249227005,-13.9520213520332,4.));
#2093=CARTESIAN_POINT('Ctrl Pts',(-27.824811047087,-14.0318037646568,4.));
#2094=CARTESIAN_POINT('Ctrl Pts',(-25.2566281583696,-14.4973556099265,4.));
#2095=CARTESIAN_POINT('Ctrl Pts',(-19.6700328292895,-15.4906531986767,4.));
#2096=CARTESIAN_POINT('Ctrl Pts',(-14.7202570434237,-16.2791262644549,4.));
#2097=CARTESIAN_POINT('Ctrl Pts',(-13.3995002019164,-16.4895158338055,4.));
#2098=CARTESIAN_POINT('Ctrl Pts',(-12.1236886938079,-16.6828958790116,4.));
#2099=CARTESIAN_POINT('Ctrl Pts',(-10.9625114525836,-16.8467725421139,4.));
#2100=CARTESIAN_POINT('Ctrl Pts',(-9.77337047043386,-17.0145957212071,4.));
#2101=CARTESIAN_POINT('Ctrl Pts',(-8.60715412700828,-17.1660162384528,4.));
#2102=CARTESIAN_POINT('Ctrl Pts',(-7.45518768263372,-17.2970042098622,4.));
#2103=CARTESIAN_POINT('Ctrl Pts',(-2.64479389680904,-17.8439851803258,4.));
#2104=CARTESIAN_POINT('Ctrl Pts',(1.8409490033546,-18.0328353846937,4.));
#2105=CARTESIAN_POINT('Ctrl Pts',(6.02187549854026,-17.4339393311548,4.));
#2106=CARTESIAN_POINT('Ctrl Pts',(8.53304262174583,-17.0742276544257,4.));
#2107=CARTESIAN_POINT('Ctrl Pts',(10.9571726142146,-16.4227835828903,4.));
#2108=CARTESIAN_POINT('Ctrl Pts',(13.2632738483612,-15.35680384792,4.));
#2109=CARTESIAN_POINT('Ctrl Pts',(14.8450129340126,-14.625655628428,4.));
#2110=CARTESIAN_POINT('Ctrl Pts',(16.3451993167742,-13.7040143880624,4.));
#2111=CARTESIAN_POINT('Ctrl Pts',(17.7051031324736,-12.6449644773772,4.));
#2112=CARTESIAN_POINT('Ctrl Pts',(19.0646151523445,-11.5862196848426,4.));
#2113=CARTESIAN_POINT('Ctrl Pts',(20.3013885257489,-10.3876782840726,4.));
#2114=CARTESIAN_POINT('Ctrl Pts',(21.4540755972298,-9.05015257255188,4.));
#2115=CARTESIAN_POINT('Ctrl Pts',(23.2989941032718,-6.90939295223188,4.));
#2116=CARTESIAN_POINT('Ctrl Pts',(25.0506691198119,-4.26400019709685,4.));
#2117=CARTESIAN_POINT('Ctrl Pts',(26.7034025142308,-0.992059260702278,4.));
#2118=CARTESIAN_POINT('Ctrl Pts',(27.715997228539,1.01258958883993,4.));
#2119=CARTESIAN_POINT('Ctrl Pts',(28.6948418424542,3.27921205938188,4.));
#2120=CARTESIAN_POINT('Ctrl Pts',(29.5559664641883,5.56318181564775,4.));
#2121=CARTESIAN_POINT('Ctrl Pts',(32.0039596134691,12.0560194089387,4.));
#2122=CARTESIAN_POINT('Ctrl Pts',(33.6806094496727,18.9691376447045,4.));
#2123=CARTESIAN_POINT('Ctrl Pts',(34.7209021305627,24.2583175618321,4.));
#2124=CARTESIAN_POINT('Ctrl Pts',(35.0277430887221,25.8183948972416,4.));
#2125=CARTESIAN_POINT('Ctrl Pts',(35.2698230864822,27.1722544377867,4.));
#2126=CARTESIAN_POINT('Ctrl Pts',(35.5050301457985,28.6263428290235,4.));
#2127=CARTESIAN_POINT('Ctrl Pts',(36.1801185831107,32.7998496217496,4.));
#2128=CARTESIAN_POINT('Ctrl Pts',(36.7114725442112,37.3761132369858,4.));
#2129=CARTESIAN_POINT('Ctrl Pts',(36.6671611308431,41.580831003684,4.));
#2130=CARTESIAN_POINT('Ctrl Pts',(36.6359502017709,44.5424415236391,4.));
#2131=CARTESIAN_POINT('Ctrl Pts',(36.3048425880897,47.2942402376867,4.));
#2132=CARTESIAN_POINT('Ctrl Pts',(35.5727586958276,49.6496575579126,4.));
#2133=CARTESIAN_POINT('Ctrl Pts',(34.7105298378941,52.4238051760223,4.));
#2134=CARTESIAN_POINT('Ctrl Pts',(33.2454198152544,54.7321387830768,4.));
#2135=CARTESIAN_POINT('Ctrl Pts',(31.2362188533476,56.4899317381755,4.));
#2136=CARTESIAN_POINT('Ctrl Pts',(28.4811750328957,58.9002414634819,4.));
#2137=CARTESIAN_POINT('Ctrl Pts',(24.7029154625512,60.3795348726896,4.));
#2138=CARTESIAN_POINT('Ctrl Pts',(20.1752201784951,61.3549273175827,4.));
#2139=CARTESIAN_POINT('Ctrl Pts',(16.7343890327584,62.0961787696235,4.));
#2140=CARTESIAN_POINT('Ctrl Pts',(12.8960286161455,62.5383122488515,4.));
#2141=CARTESIAN_POINT('Ctrl Pts',(8.91006306565186,62.8416042366155,4.));
#2142=CARTESIAN_POINT('Ctrl Pts',(5.07325873975903,63.1335465517009,4.));
#2143=CARTESIAN_POINT('Ctrl Pts',(1.01368992580381,63.3030681856588,4.));
#2144=CARTESIAN_POINT('Ctrl Pts',(-3.23122020354389,63.4532811155804,4.));
#2145=CARTESIAN_POINT('Ctrl Pts',(-6.48608834399563,63.568459827258,4.));
#2146=CARTESIAN_POINT('Ctrl Pts',(-9.84031176910816,63.6710627707913,4.));
#2147=CARTESIAN_POINT('Ctrl Pts',(-13.2539804783299,63.8035368994921,4.));
#2148=CARTESIAN_POINT('Ctrl Pts',(-15.612454682268,63.8950621299241,4.));
#2149=CARTESIAN_POINT('Ctrl Pts',(-17.9993046740871,64.0008236016931,4.));
#2150=CARTESIAN_POINT('Ctrl Pts',(-20.4013666704971,64.135067303827,4.));
#2151=CARTESIAN_POINT('Ctrl Pts',(-21.9120753529269,64.2194960682295,4.));
#2152=CARTESIAN_POINT('Ctrl Pts',(-23.4163124986699,64.3152078304633,4.));
#2153=CARTESIAN_POINT('Ctrl Pts',(-24.7995359947884,64.4150199990035,4.));
#2154=CARTESIAN_POINT('Ctrl Pts',(-30.7670421825962,64.845629900479,4.));
#2155=CARTESIAN_POINT('Ctrl Pts',(-35.1033307358255,65.3832463378635,4.));
#2156=CARTESIAN_POINT('Ctrl Pts',(-38.6236338309972,65.9166706683781,4.));
#2157=CARTESIAN_POINT('',(-33.9883584613244,-12.8045517295227,4.));
#2158=CARTESIAN_POINT('Ctrl Pts',(-45.0000006705523,-21.576854484333,4.));
#2159=CARTESIAN_POINT('Ctrl Pts',(-45.0000006705523,-21.576854484333,2.4999915248739));
#2160=CARTESIAN_POINT('Ctrl Pts',(-45.0000006705523,-20.6329821004286,4.));
#2161=CARTESIAN_POINT('Ctrl Pts',(-45.0000006705523,-20.6329821004286,2.4999915248739));
#2162=CARTESIAN_POINT('Ctrl Pts',(-44.8515181577027,-19.6949582991604,4.));
#2163=CARTESIAN_POINT('Ctrl Pts',(-44.8515181577027,-19.6949582991604,2.4999915248739));
#2164=CARTESIAN_POINT('Ctrl Pts',(-44.2684935887636,-17.8995021842963,4.));
#2165=CARTESIAN_POINT('Ctrl Pts',(-44.2684935887636,-17.8995021842963,2.4999915248739));
#2166=CARTESIAN_POINT('Ctrl Pts',(-43.837564168692,-17.0531951813213,4.));
#2167=CARTESIAN_POINT('Ctrl Pts',(-43.837564168692,-17.0531951813213,2.4999915248739));
#2168=CARTESIAN_POINT('Ctrl Pts',(-42.5945362007449,-15.3410282293515,4.));
#2169=CARTESIAN_POINT('Ctrl Pts',(-42.5945362007449,-15.3410282293515,2.4999915248739));
#2170=CARTESIAN_POINT('Ctrl Pts',(-41.7273764089281,-14.5362156572979,4.));
#2171=CARTESIAN_POINT('Ctrl Pts',(-41.7273764089281,-14.5362156572979,2.4999915248739));
#2172=CARTESIAN_POINT('Ctrl Pts',(-39.7333698612331,-13.3042864170781,4.));
#2173=CARTESIAN_POINT('Ctrl Pts',(-39.7333698612331,-13.3042864170781,2.4999915248739));
#2174=CARTESIAN_POINT('Ctrl Pts',(-38.6255868947685,-12.8889476639018,4.));
#2175=CARTESIAN_POINT('Ctrl Pts',(-38.6255868947685,-12.8889476639018,2.4999915248739));
#2176=CARTESIAN_POINT('Ctrl Pts',(-36.313169139435,-12.5062782374021,4.));
#2177=CARTESIAN_POINT('Ctrl Pts',(-36.313169139435,-12.5062782374021,2.4999915248739));
#2178=CARTESIAN_POINT('Ctrl Pts',(-35.1306423246722,-12.5426060923671,4.));
#2179=CARTESIAN_POINT('Ctrl Pts',(-35.1306423246722,-12.5426060923671,2.4999915248739));
#2180=CARTESIAN_POINT('Ctrl Pts',(-33.9883584613244,-12.8045517295227,4.));
#2181=CARTESIAN_POINT('Ctrl Pts',(-33.9883584613244,-12.8045517295227,2.4999915248739));
#2182=CARTESIAN_POINT('',(-45.0000006705523,-21.576854484333,4.));
#2183=CARTESIAN_POINT('Ctrl Pts',(-33.9883584613244,-12.8045517295227,4.));
#2184=CARTESIAN_POINT('Ctrl Pts',(-35.1306423246722,-12.5426060923671,4.));
#2185=CARTESIAN_POINT('Ctrl Pts',(-36.313169139435,-12.5062782374021,4.));
#2186=CARTESIAN_POINT('Ctrl Pts',(-37.4693780171017,-12.6976129506519,4.));
#2187=CARTESIAN_POINT('Ctrl Pts',(-38.6255868947685,-12.8889476639018,4.));
#2188=CARTESIAN_POINT('Ctrl Pts',(-39.7333698612331,-13.3042864170781,4.));
#2189=CARTESIAN_POINT('Ctrl Pts',(-40.7303731350806,-13.920251037188,4.));
#2190=CARTESIAN_POINT('Ctrl Pts',(-41.7273764089281,-14.5362156572979,4.));
#2191=CARTESIAN_POINT('Ctrl Pts',(-42.5945362007449,-15.3410282293515,4.));
#2192=CARTESIAN_POINT('Ctrl Pts',(-43.283042686091,-16.2893882669565,4.));
#2193=CARTESIAN_POINT('Ctrl Pts',(-43.837564168692,-17.0531951813213,4.));
#2194=CARTESIAN_POINT('Ctrl Pts',(-44.2684935887636,-17.8995021842963,4.));
#2195=CARTESIAN_POINT('Ctrl Pts',(-44.5600058732332,-18.7972302417283,4.));
#2196=CARTESIAN_POINT('Ctrl Pts',(-44.8515181577027,-19.6949582991604,4.));
#2197=CARTESIAN_POINT('Ctrl Pts',(-45.0000006705523,-20.6329821004286,4.));
#2198=CARTESIAN_POINT('Ctrl Pts',(-45.0000006705523,-21.576854484333,4.));
#2199=CARTESIAN_POINT('',(-45.0000006705523,-21.576854484333,4.));
#2200=CARTESIAN_POINT('Ctrl Pts',(-43.1584376340472,-26.8846256240273,4.));
#2201=CARTESIAN_POINT('Ctrl Pts',(-43.1584376340472,-26.8846256240273,2.49999576243695));
#2202=CARTESIAN_POINT('Ctrl Pts',(-43.4914032245088,-26.6408314492282,4.));
#2203=CARTESIAN_POINT('Ctrl Pts',(-43.4914032245088,-26.6408314492282,2.49999576243695));
#2204=CARTESIAN_POINT('Ctrl Pts',(-43.7892557982994,-26.3523896049164,4.));
#2205=CARTESIAN_POINT('Ctrl Pts',(-43.7892557982994,-26.3523896049164,2.49999576243695));
#2206=CARTESIAN_POINT('Ctrl Pts',(-44.2979654509465,-25.7024502033617,4.));
#2207=CARTESIAN_POINT('Ctrl Pts',(-44.2979654509465,-25.7024502033617,2.49999576243695));
#2208=CARTESIAN_POINT('Ctrl Pts',(-44.5064131739279,-25.3440308957796,4.));
#2209=CARTESIAN_POINT('Ctrl Pts',(-44.5064131739279,-25.3440308957796,2.49999576243695));
#2210=CARTESIAN_POINT('Ctrl Pts',(-44.8855483421114,-24.4201562948838,4.));
#2211=CARTESIAN_POINT('Ctrl Pts',(-44.8855483421114,-24.4201562948838,2.49999576243695));
#2212=CARTESIAN_POINT('Ctrl Pts',(-45.0000006705523,-23.8397917459283,4.));
#2213=CARTESIAN_POINT('Ctrl Pts',(-45.0000006705523,-23.8397917459283,2.49999576243695));
#2214=CARTESIAN_POINT('Ctrl Pts',(-45.0000006705523,-23.2538250358479,4.));
#2215=CARTESIAN_POINT('Ctrl Pts',(-45.0000006705523,-23.2538250358479,2.49999576243695));
#2216=CARTESIAN_POINT('',(-45.0000006705523,-23.2538250358479,4.));
#2217=CARTESIAN_POINT('Ctrl Pts',(-45.0000006705523,-23.2538250358479,4.));
#2218=CARTESIAN_POINT('Ctrl Pts',(-45.0000006705523,-23.8397917459283,4.));
#2219=CARTESIAN_POINT('Ctrl Pts',(-44.8855483421114,-24.4201562948838,4.));
#2220=CARTESIAN_POINT('Ctrl Pts',(-44.6630858636042,-24.9622517025187,4.));
#2221=CARTESIAN_POINT('Ctrl Pts',(-44.5064131739279,-25.3440308957796,4.));
#2222=CARTESIAN_POINT('Ctrl Pts',(-44.2979654509465,-25.7024502033617,4.));
#2223=CARTESIAN_POINT('Ctrl Pts',(-44.043610624623,-26.027419904139,4.));
#2224=CARTESIAN_POINT('Ctrl Pts',(-43.7892557982994,-26.3523896049164,4.));
#2225=CARTESIAN_POINT('Ctrl Pts',(-43.4914032245088,-26.6408314492282,4.));
#2226=CARTESIAN_POINT('Ctrl Pts',(-43.1584376340472,-26.8846256240273,4.));
#2227=CARTESIAN_POINT('',(-45.0000006705523,-23.2538250358479,4.));
#2228=CARTESIAN_POINT('',(-43.1584376340472,-26.8846256240273,4.));
#2229=CARTESIAN_POINT('Ctrl Pts',(-31.5106777318541,-49.0613672310024,4.));
#2230=CARTESIAN_POINT('Ctrl Pts',(-31.5106777318541,-49.0613672310024,2.49513458449895));
#2231=CARTESIAN_POINT('Ctrl Pts',(-32.7681986283034,-46.7625754118167,4.));
#2232=CARTESIAN_POINT('Ctrl Pts',(-32.7681986283034,-46.7625754118167,2.49513458449895));
#2233=CARTESIAN_POINT('Ctrl Pts',(-33.8911109514047,-44.1395875520141,4.));
#2234=CARTESIAN_POINT('Ctrl Pts',(-33.8911109514047,-44.1395875520141,2.49513458449895));
#2235=CARTESIAN_POINT('Ctrl Pts',(-36.5171236538101,-37.8093397686073,4.));
#2236=CARTESIAN_POINT('Ctrl Pts',(-36.5171236538101,-37.8093397686073,2.49513458449895));
#2237=CARTESIAN_POINT('Ctrl Pts',(-37.981200808679,-34.1318892241999,4.));
#2238=CARTESIAN_POINT('Ctrl Pts',(-37.981200808679,-34.1318892241999,2.49513458449895));
#2239=CARTESIAN_POINT('Ctrl Pts',(-40.4097055579858,-29.8995145839843,4.));
#2240=CARTESIAN_POINT('Ctrl Pts',(-40.4097055579858,-29.8995145839843,2.49513458449895));
#2241=CARTESIAN_POINT('Ctrl Pts',(-41.2628147298059,-28.6550174319419,4.));
#2242=CARTESIAN_POINT('Ctrl Pts',(-41.2628147298059,-28.6550174319419,2.49513458449895));
#2243=CARTESIAN_POINT('Ctrl Pts',(-42.5067123288848,-27.4094340669545,4.));
#2244=CARTESIAN_POINT('Ctrl Pts',(-42.5067123288848,-27.4094340669545,2.49513458449895));
#2245=CARTESIAN_POINT('Ctrl Pts',(-42.8219294445449,-27.1310136554725,4.));
#2246=CARTESIAN_POINT('Ctrl Pts',(-42.8219294445449,-27.1310136554725,2.49513458449895));
#2247=CARTESIAN_POINT('Ctrl Pts',(-43.1584376340472,-26.8846256240273,4.));
#2248=CARTESIAN_POINT('Ctrl Pts',(-43.1584376340472,-26.8846256240273,2.49513458449895));
#2249=CARTESIAN_POINT('Ctrl Pts',(48.0000007152557,-75.9627993629619,6.));
#2250=CARTESIAN_POINT('Ctrl Pts',(48.0000007152557,-75.9627993629619,2.49999529159659));
#2251=CARTESIAN_POINT('Ctrl Pts',(48.0000007152557,-76.527608120145,6.));
#2252=CARTESIAN_POINT('Ctrl Pts',(48.0000007152557,-76.527608120145,2.49999529159659));
#2253=CARTESIAN_POINT('Ctrl Pts',(47.9042980355985,-77.0883555480853,6.));
#2254=CARTESIAN_POINT('Ctrl Pts',(47.9042980355985,-77.0883555480853,2.49999529159659));
#2255=CARTESIAN_POINT('Ctrl Pts',(47.5296281885829,-78.1540282156996,6.));
#2256=CARTESIAN_POINT('Ctrl Pts',(47.5296281885829,-78.1540282156996,2.49999529159659));
#2257=CARTESIAN_POINT('Ctrl Pts',(47.2533551324379,-78.6512906004458,6.));
#2258=CARTESIAN_POINT('Ctrl Pts',(47.2533551324379,-78.6512906004458,2.49999529159659));
#2259=CARTESIAN_POINT('Ctrl Pts',(46.4924483164662,-79.5996533970886,6.));
#2260=CARTESIAN_POINT('Ctrl Pts',(46.4924483164662,-79.5996533970886,2.49999529159659));
#2261=CARTESIAN_POINT('Ctrl Pts',(45.9897083088105,-80.0230390132516,6.));
#2262=CARTESIAN_POINT('Ctrl Pts',(45.9897083088105,-80.0230390132516,2.49999529159659));
#2263=CARTESIAN_POINT('Ctrl Pts',(44.8502359333485,-80.6532713168779,6.));
#2264=CARTESIAN_POINT('Ctrl Pts',(44.8502359333485,-80.6532713168779,2.49999529159659));
#2265=CARTESIAN_POINT('Ctrl Pts',(44.2243975425121,-80.8540926400153,6.));
#2266=CARTESIAN_POINT('Ctrl Pts',(44.2243975425121,-80.8540926400153,2.49999529159659));
#2267=CARTESIAN_POINT('Ctrl Pts',(42.9309694874255,-81.0045383687344,6.));
#2268=CARTESIAN_POINT('Ctrl Pts',(42.9309694874255,-81.0045383687344,2.49999529159659));
#2269=CARTESIAN_POINT('Ctrl Pts',(42.2757457003546,-80.9527244311502,6.));
#2270=CARTESIAN_POINT('Ctrl Pts',(42.2757457003546,-80.9527244311502,2.49999529159659));
#2271=CARTESIAN_POINT('Ctrl Pts',(41.6488927359947,-80.7767901428011,6.));
#2272=CARTESIAN_POINT('Ctrl Pts',(41.6488927359947,-80.7767901428011,2.49999529159659));
#2273=CARTESIAN_POINT('Ctrl Pts',(-45.0000006705523,67.0000009983778,-10.));
#2274=CARTESIAN_POINT('Ctrl Pts',(-45.0000006705523,67.0000009983778,15.));
#2275=CARTESIAN_POINT('Ctrl Pts',(-46.3414491869959,67.2429623278127,-10.));
#2276=CARTESIAN_POINT('Ctrl Pts',(-46.3414491869959,67.2429623278127,15.));
#2277=CARTESIAN_POINT('Ctrl Pts',(-48.772587173449,67.6795997218532,-10.));
#2278=CARTESIAN_POINT('Ctrl Pts',(-48.772587173449,67.6795997218532,15.));
#2279=CARTESIAN_POINT('Ctrl Pts',(-51.6716322208511,68.082575213666,-10.));
#2280=CARTESIAN_POINT('Ctrl Pts',(-51.6716322208511,68.082575213666,15.));
#2281=CARTESIAN_POINT('Ctrl Pts',(-54.2043488334557,67.5693554048961,-10.));
#2282=CARTESIAN_POINT('Ctrl Pts',(-54.2043488334557,67.5693554048961,15.));
#2283=CARTESIAN_POINT('Ctrl Pts',(-55.861698327787,63.8158934098267,-10.));
#2284=CARTESIAN_POINT('Ctrl Pts',(-55.861698327787,63.8158934098267,15.));
#2285=CARTESIAN_POINT('Ctrl Pts',(-56.6086349994471,56.4107048732929,-10.));
#2286=CARTESIAN_POINT('Ctrl Pts',(-56.6086349994471,56.4107048732929,15.));
#2287=CARTESIAN_POINT('Ctrl Pts',(-56.7371655485445,45.9040558653124,-10.));
#2288=CARTESIAN_POINT('Ctrl Pts',(-56.7371655485445,45.9040558653124,15.));
#2289=CARTESIAN_POINT('Ctrl Pts',(-56.3454513660308,33.4747892996963,-10.));
#2290=CARTESIAN_POINT('Ctrl Pts',(-56.3454513660308,33.4747892996963,15.));
#2291=CARTESIAN_POINT('Ctrl Pts',(-55.3735053019456,20.6555886566701,-10.));
#2292=CARTESIAN_POINT('Ctrl Pts',(-55.3735053019456,20.6555886566701,15.));
#2293=CARTESIAN_POINT('Ctrl Pts',(-53.6691881996242,8.98226909126602,-10.));
#2294=CARTESIAN_POINT('Ctrl Pts',(-53.6691881996242,8.98226909126602,15.));
#2295=CARTESIAN_POINT('Ctrl Pts',(-51.0403525167826,-0.316867048030807,
-10.));
#2296=CARTESIAN_POINT('Ctrl Pts',(-51.0403525167826,-0.316867048030807,
15.));
#2297=CARTESIAN_POINT('Ctrl Pts',(-47.3134713198357,-6.66643601330925,-10.));
#2298=CARTESIAN_POINT('Ctrl Pts',(-47.3134713198357,-6.66643601330925,15.));
#2299=CARTESIAN_POINT('Ctrl Pts',(-42.3873751458057,-10.4317287071839,-10.));
#2300=CARTESIAN_POINT('Ctrl Pts',(-42.3873751458057,-10.4317287071839,15.));
#2301=CARTESIAN_POINT('Ctrl Pts',(-36.2492237748723,-12.4923755838679,-10.));
#2302=CARTESIAN_POINT('Ctrl Pts',(-36.2492237748723,-12.4923755838679,15.));
#2303=CARTESIAN_POINT('Ctrl Pts',(-28.9940651147265,-13.8533161406506,-10.));
#2304=CARTESIAN_POINT('Ctrl Pts',(-28.9940651147265,-13.8533161406506,15.));
#2305=CARTESIAN_POINT('Ctrl Pts',(-20.8413524337836,-15.2593826214007,-10.));
#2306=CARTESIAN_POINT('Ctrl Pts',(-20.8413524337836,-15.2593826214007,15.));
#2307=CARTESIAN_POINT('Ctrl Pts',(-12.1598280242443,-16.7653191659307,-10.));
#2308=CARTESIAN_POINT('Ctrl Pts',(-12.1598280242443,-16.7653191659307,15.));
#2309=CARTESIAN_POINT('Ctrl Pts',(-3.40285589027436,-17.9237710386478,-10.));
#2310=CARTESIAN_POINT('Ctrl Pts',(-3.40285589027436,-17.9237710386478,15.));
#2311=CARTESIAN_POINT('Ctrl Pts',(4.96311993914821,-18.0319916111414,-10.));
#2312=CARTESIAN_POINT('Ctrl Pts',(4.96311993914821,-18.0319916111414,15.));
#2313=CARTESIAN_POINT('Ctrl Pts',(12.5310136785709,-16.3636553805777,-10.));
#2314=CARTESIAN_POINT('Ctrl Pts',(12.5310136785709,-16.3636553805777,15.));
#2315=CARTESIAN_POINT('Ctrl Pts',(19.0173447260498,-12.3885656636609,-10.));
#2316=CARTESIAN_POINT('Ctrl Pts',(19.0173447260498,-12.3885656636609,15.));
#2317=CARTESIAN_POINT('Ctrl Pts',(24.3513832489376,-6.04468302331252,-10.));
#2318=CARTESIAN_POINT('Ctrl Pts',(24.3513832489376,-6.04468302331252,15.));
#2319=CARTESIAN_POINT('Ctrl Pts',(28.6208135551412,2.30906979689288,-10.));
#2320=CARTESIAN_POINT('Ctrl Pts',(28.6208135551412,2.30906979689288,15.));
#2321=CARTESIAN_POINT('Ctrl Pts',(31.9718172984596,12.0426911410982,-10.));
#2322=CARTESIAN_POINT('Ctrl Pts',(31.9718172984596,12.0426911410982,15.));
#2323=CARTESIAN_POINT('Ctrl Pts',(34.5243532366611,22.3690275503408,-10.));
#2324=CARTESIAN_POINT('Ctrl Pts',(34.5243532366611,22.3690275503408,15.));
#2325=CARTESIAN_POINT('Ctrl Pts',(36.2823468648163,32.4712458570397,-10.));
#2326=CARTESIAN_POINT('Ctrl Pts',(36.2823468648163,32.4712458570397,15.));
#2327=CARTESIAN_POINT('Ctrl Pts',(37.0429479071291,41.6245559240806,-10.));
#2328=CARTESIAN_POINT('Ctrl Pts',(37.0429479071291,41.6245559240806,15.));
#2329=CARTESIAN_POINT('Ctrl Pts',(36.3124925161637,49.3190501092416,-10.));
#2330=CARTESIAN_POINT('Ctrl Pts',(36.3124925161637,49.3190501092416,15.));
#2331=CARTESIAN_POINT('Ctrl Pts',(33.5040467112598,55.2602614473663,-10.));
#2332=CARTESIAN_POINT('Ctrl Pts',(33.5040467112598,55.2602614473663,15.));
#2333=CARTESIAN_POINT('Ctrl Pts',(28.1397256492425,59.3779949662244,-10.));
#2334=CARTESIAN_POINT('Ctrl Pts',(28.1397256492425,59.3779949662244,15.));
#2335=CARTESIAN_POINT('Ctrl Pts',(20.0292740320447,61.8251745068543,-10.));
#2336=CARTESIAN_POINT('Ctrl Pts',(20.0292740320447,61.8251745068543,15.));
#2337=CARTESIAN_POINT('Ctrl Pts',(9.51584694287639,63.0028275377552,-10.));
#2338=CARTESIAN_POINT('Ctrl Pts',(9.51584694287639,63.0028275377552,15.));
#2339=CARTESIAN_POINT('Ctrl Pts',(-2.58845494866702,63.470675255564,-10.));
#2340=CARTESIAN_POINT('Ctrl Pts',(-2.58845494866702,63.470675255564,15.));
#2341=CARTESIAN_POINT('Ctrl Pts',(-15.2230736706797,63.7999612817163,-10.));
#2342=CARTESIAN_POINT('Ctrl Pts',(-15.2230736706797,63.7999612817163,15.));
#2343=CARTESIAN_POINT('Ctrl Pts',(-27.2484583874463,64.4455422287839,-10.));
#2344=CARTESIAN_POINT('Ctrl Pts',(-27.2484583874463,64.4455422287839,15.));
#2345=CARTESIAN_POINT('Ctrl Pts',(-35.5590196094709,65.3752888699574,-10.));
#2346=CARTESIAN_POINT('Ctrl Pts',(-35.5590196094709,65.3752888699574,15.));
#2347=CARTESIAN_POINT('Ctrl Pts',(-40.723896074787,66.2218317452437,-10.));
#2348=CARTESIAN_POINT('Ctrl Pts',(-40.723896074787,66.2218317452437,15.));
#2349=CARTESIAN_POINT('Ctrl Pts',(-43.6585521541086,66.7570396689429,-10.));
#2350=CARTESIAN_POINT('Ctrl Pts',(-43.6585521541086,66.7570396689429,15.));
#2351=CARTESIAN_POINT('Ctrl Pts',(-45.0000006705523,67.0000009983778,-10.));
#2352=CARTESIAN_POINT('Ctrl Pts',(-45.0000006705523,67.0000009983778,15.));
#2353=CARTESIAN_POINT('Ctrl Pts',(-33.9883584613244,-12.8045517295227,4.5));
#2354=CARTESIAN_POINT('Ctrl Pts',(-33.9883584613244,-12.8045517295227,4.33333333333334));
#2355=CARTESIAN_POINT('Ctrl Pts',(-33.9883584613244,-12.8045517295227,4.16666666666667));
#2356=CARTESIAN_POINT('Ctrl Pts',(-33.9883584613244,-12.8045517295227,4.));
#2357=CARTESIAN_POINT('Ctrl Pts',(-33.9883584613244,-12.8045517295227,4.5));
#2358=CARTESIAN_POINT('Ctrl Pts',(-33.9883584613244,-12.8045517295227,4.33333333333334));
#2359=CARTESIAN_POINT('Ctrl Pts',(-33.9883584613244,-12.8045517295227,4.16666666666667));
#2360=CARTESIAN_POINT('Ctrl Pts',(-33.9883584613244,-12.8045517295227,4.));
#2361=CARTESIAN_POINT('Ctrl Pts',(-35.489020731544,-12.4604236654389,4.5));
#2362=CARTESIAN_POINT('Ctrl Pts',(-35.489020731544,-12.4604236654389,4.33333333333334));
#2363=CARTESIAN_POINT('Ctrl Pts',(-35.489020731544,-12.4604236654389,4.16666666666666));
#2364=CARTESIAN_POINT('Ctrl Pts',(-35.489020731544,-12.4604236654389,4.));
#2365=CARTESIAN_POINT('Ctrl Pts',(-38.6703908398638,-12.5599266836185,4.5));
#2366=CARTESIAN_POINT('Ctrl Pts',(-38.6703908398638,-12.5599266836185,4.33333333333334));
#2367=CARTESIAN_POINT('Ctrl Pts',(-38.6703908398638,-12.5599266836185,4.16666666666667));
#2368=CARTESIAN_POINT('Ctrl Pts',(-38.6703908398638,-12.5599266836185,4.));
#2369=CARTESIAN_POINT('Ctrl Pts',(-42.0693917880083,-14.620841367638,4.5));
#2370=CARTESIAN_POINT('Ctrl Pts',(-42.0693917880083,-14.620841367638,4.33333333333334));
#2371=CARTESIAN_POINT('Ctrl Pts',(-42.0693917880083,-14.620841367638,4.16666666666666));
#2372=CARTESIAN_POINT('Ctrl Pts',(-42.0693917880083,-14.620841367638,4.));
#2373=CARTESIAN_POINT('Ctrl Pts',(-44.3912183658194,-17.7324497031039,4.5));
#2374=CARTESIAN_POINT('Ctrl Pts',(-44.3912183658194,-17.7324497031039,4.33333333333334));
#2375=CARTESIAN_POINT('Ctrl Pts',(-44.3912183658194,-17.7324497031039,4.16666666666667));
#2376=CARTESIAN_POINT('Ctrl Pts',(-44.3912183658194,-17.7324497031039,4.));
#2377=CARTESIAN_POINT('Ctrl Pts',(-45.0000006705523,-20.0372404503132,4.5));
#2378=CARTESIAN_POINT('Ctrl Pts',(-45.0000006705523,-20.0372404503132,4.33333333333334));
#2379=CARTESIAN_POINT('Ctrl Pts',(-45.0000006705523,-20.0372404503132,4.16666666666666));
#2380=CARTESIAN_POINT('Ctrl Pts',(-45.0000006705523,-20.0372404503132,4.));
#2381=CARTESIAN_POINT('Ctrl Pts',(-45.0000006705523,-21.576854484333,4.5));
#2382=CARTESIAN_POINT('Ctrl Pts',(-45.0000006705523,-21.576854484333,4.33333333333334));
#2383=CARTESIAN_POINT('Ctrl Pts',(-45.0000006705523,-21.576854484333,4.16666666666667));
#2384=CARTESIAN_POINT('Ctrl Pts',(-45.0000006705523,-21.576854484333,4.));
#2385=CARTESIAN_POINT('Ctrl Pts',(-45.0000006705523,-21.576854484333,4.));
#2386=CARTESIAN_POINT('Ctrl Pts',(-45.0000006705523,-21.576854484333,4.16666666666667));
#2387=CARTESIAN_POINT('Ctrl Pts',(-45.0000006705523,-21.576854484333,4.33333333333334));
#2388=CARTESIAN_POINT('Ctrl Pts',(-45.0000006705523,-21.576854484333,4.5));
#2389=CARTESIAN_POINT('Origin',(-45.0000006705523,78.0000011622906,0.));
#2390=CARTESIAN_POINT('Ctrl Pts',(-45.0000006705523,-23.2538250358479,4.5));
#2391=CARTESIAN_POINT('Ctrl Pts',(-45.0000006705523,-23.2538250358479,4.33333333333334));
#2392=CARTESIAN_POINT('Ctrl Pts',(-45.0000006705523,-23.2538250358479,4.16666666666667));
#2393=CARTESIAN_POINT('Ctrl Pts',(-45.0000006705523,-23.2538250358479,4.));
#2394=CARTESIAN_POINT('Ctrl Pts',(-43.1584376340472,-26.8846256240273,4.));
#2395=CARTESIAN_POINT('Ctrl Pts',(-43.1584376340472,-26.8846256240273,4.16666666666667));
#2396=CARTESIAN_POINT('Ctrl Pts',(-43.1584376340472,-26.8846256240273,4.33333333333334));
#2397=CARTESIAN_POINT('Ctrl Pts',(-43.1584376340472,-26.8846256240273,4.5));
#2398=CARTESIAN_POINT('Ctrl Pts',(-44.2946255151183,-26.0527198811594,4.));
#2399=CARTESIAN_POINT('Ctrl Pts',(-44.2946255151183,-26.0527198811594,4.16666666666667));
#2400=CARTESIAN_POINT('Ctrl Pts',(-44.2946255151183,-26.0527198811594,4.33333333333334));
#2401=CARTESIAN_POINT('Ctrl Pts',(-44.2946255151183,-26.0527198811594,4.5));
#2402=CARTESIAN_POINT('Ctrl Pts',(-45.0000006705523,-24.6620118367054,4.));
#2403=CARTESIAN_POINT('Ctrl Pts',(-45.0000006705523,-24.6620118367054,4.16666666666667));
#2404=CARTESIAN_POINT('Ctrl Pts',(-45.0000006705523,-24.6620118367054,4.33333333333334));
#2405=CARTESIAN_POINT('Ctrl Pts',(-45.0000006705523,-24.6620118367054,4.5));
#2406=CARTESIAN_POINT('Ctrl Pts',(-45.0000006705523,-23.2538250358479,4.));
#2407=CARTESIAN_POINT('Ctrl Pts',(-45.0000006705523,-23.2538250358479,4.16666666666667));
#2408=CARTESIAN_POINT('Ctrl Pts',(-45.0000006705523,-23.2538250358479,4.33333333333334));
#2409=CARTESIAN_POINT('Ctrl Pts',(-45.0000006705523,-23.2538250358479,4.5));
#2410=CARTESIAN_POINT('Origin',(-40.7485389709473,-22.0774674415588,4.));
#2411=CARTESIAN_POINT('',(-42.7485389709473,-22.0774674415588,7.));
#2412=CARTESIAN_POINT('Origin',(-40.7485389709473,-22.0774674415588,7.));
#2413=CARTESIAN_POINT('',(-42.7485389709473,-22.0774674415588,4.));
#2414=CARTESIAN_POINT('Origin',(43.4452088931301,69.8900121464886,4.));
#2415=CARTESIAN_POINT('',(41.4452088931301,69.8900121464886,7.));
#2416=CARTESIAN_POINT('Origin',(43.4452088931301,69.8900121464886,7.));
#2417=CARTESIAN_POINT('',(41.4452088931301,69.8900121464886,4.));
#2418=CARTESIAN_POINT('Origin',(43.4452088931301,69.8900121464886,6.));
#2419=CARTESIAN_POINT('',(46.8952088931301,69.8900121464886,7.));
#2420=CARTESIAN_POINT('Origin',(43.4452088931301,69.8900121464886,7.));
#2421=CARTESIAN_POINT('',(46.8952088931301,69.8900121464886,6.));
#2422=CARTESIAN_POINT('Origin',(43.4452088931301,69.8900121464886,7.));
#2423=CARTESIAN_POINT('Origin',(-40.7485389709473,-22.0774674415588,6.));
#2424=CARTESIAN_POINT('',(-37.2985389709473,-22.0774674415588,7.));
#2425=CARTESIAN_POINT('Origin',(-40.7485389709473,-22.0774674415588,7.));
#2426=CARTESIAN_POINT('',(-37.2985389709473,-22.0774674415588,6.));
#2427=CARTESIAN_POINT('Origin',(-40.7485389709473,-22.0774674415588,7.));
#2428=CARTESIAN_POINT('Origin',(-40.7441137701881,73.5710034188132,3.));
#2429=CARTESIAN_POINT('',(-42.7441137701881,73.5710034188132,7.));
#2430=CARTESIAN_POINT('Origin',(-40.7441137701881,73.5710034188132,7.));
#2431=CARTESIAN_POINT('',(-42.7441137701881,73.5710034188132,3.));
#2432=CARTESIAN_POINT('Origin',(43.4558862298119,-76.2289965811868,3.));
#2433=CARTESIAN_POINT('',(41.4558862298119,-76.2289965811868,7.));
#2434=CARTESIAN_POINT('Origin',(43.4558862298119,-76.2289965811868,7.));
#2435=CARTESIAN_POINT('',(41.4558862298119,-76.2289965811868,3.));
#2436=CARTESIAN_POINT('Origin',(43.4558862298119,-76.2289965811868,7.));
#2437=CARTESIAN_POINT('',(46.9558862298119,-76.2289965811868,7.));
#2438=CARTESIAN_POINT('Origin',(43.4558862298119,-76.2289965811868,7.));
#2439=CARTESIAN_POINT('Origin',(-40.7441137701881,73.5710034188132,7.));
#2440=CARTESIAN_POINT('',(-37.2941137701881,73.5710034188132,7.));
#2441=CARTESIAN_POINT('Origin',(-40.7441137701881,73.5710034188132,7.));
#2442=CARTESIAN_POINT('Origin',(43.4558862298119,-76.2289965811868,4.));
#2443=CARTESIAN_POINT('',(46.9558862298119,-76.2289965811868,4.));
#2444=CARTESIAN_POINT('Origin',(-13.373095754001,-50.6536454696158,3.));
#2445=CARTESIAN_POINT('',(-11.623095754001,-50.6536454696158,3.));
#2446=CARTESIAN_POINT('Origin',(-13.373095754001,67.8463545303842,3.));
#2447=CARTESIAN_POINT('',(-11.623095754001,67.8463545303842,3.));
#2448=CARTESIAN_POINT('Origin',(15.376904245999,67.8463545303842,3.));
#2449=CARTESIAN_POINT('',(17.126904245999,67.8463545303842,3.));
#2450=CARTESIAN_POINT('Origin',(-40.7441137701881,73.5710034188132,8.));
#2451=CARTESIAN_POINT('',(-37.2941137701881,73.5710034188132,8.));
#2452=UNCERTAINTY_MEASURE_WITH_UNIT(LENGTH_MEASURE(0.01),#2456,
'DISTANCE_ACCURACY_VALUE',
'Maximum model space distance between geometric entities at asserted c
onnectivities');
#2453=UNCERTAINTY_MEASURE_WITH_UNIT(LENGTH_MEASURE(0.01),#2456,
'DISTANCE_ACCURACY_VALUE',
'Maximum model space distance between geometric entities at asserted c
onnectivities');
#2454=(
GEOMETRIC_REPRESENTATION_CONTEXT(3)
GLOBAL_UNCERTAINTY_ASSIGNED_CONTEXT((#2452))
GLOBAL_UNIT_ASSIGNED_CONTEXT((#2456,#2457,#2458))
REPRESENTATION_CONTEXT('','3D')
);
#2455=(
GEOMETRIC_REPRESENTATION_CONTEXT(3)
GLOBAL_UNCERTAINTY_ASSIGNED_CONTEXT((#2453))
GLOBAL_UNIT_ASSIGNED_CONTEXT((#2456,#2457,#2458))
REPRESENTATION_CONTEXT('','3D')
);
#2456=(
LENGTH_UNIT()
NAMED_UNIT(*)
SI_UNIT(.MILLI.,.METRE.)
);
#2457=(
NAMED_UNIT(*)
PLANE_ANGLE_UNIT()
SI_UNIT($,.RADIAN.)
);
#2458=(
NAMED_UNIT(*)
SI_UNIT($,.STERADIAN.)
SOLID_ANGLE_UNIT()
);
#2459=SHAPE_DEFINITION_REPRESENTATION(#2460,#2461);
#2460=PRODUCT_DEFINITION_SHAPE('',$,#2463);
#2461=SHAPE_REPRESENTATION('',(#856),#2454);
#2462=PRODUCT_DEFINITION_CONTEXT('part definition',#2467,'design');
#2463=PRODUCT_DEFINITION('M4P\X2\5B8988C5652F67B6517C5BB9\X0\V0\X2\517C5BB9\X0\D
IN','M4P_M1Pro_Mounting bracket v2',#2464,#2462);
#2464=PRODUCT_DEFINITION_FORMATION('',$,#2469);
#2465=PRODUCT_RELATED_PRODUCT_CATEGORY('M4P_M1Pro_Mounting bracket v2',
'M4P_M1Pro_Mounting bracket v2',(#2469));
#2466=APPLICATION_PROTOCOL_DEFINITION('international standard',
'automotive_design',2009,#2467);
#2467=APPLICATION_CONTEXT(
'Core Data for Automotive Mechanical Design Process');
#2468=PRODUCT_CONTEXT('part definition',#2467,'mechanical');
#2469=PRODUCT('M4P\X2\5B8988C5652F67B6517C5BB9\X0\V0\X2\517C5BB9\X0\DI
N','M4P_M1Pro_Mounting bracket v2','STEP AP214',(#2468));
#2470=PRESENTATION_STYLE_ASSIGNMENT((#2472));
#2471=PRESENTATION_STYLE_ASSIGNMENT((#2473));
#2472=SURFACE_STYLE_USAGE(.BOTH.,#2474);
#2473=SURFACE_STYLE_USAGE(.BOTH.,#2475);
#2474=SURFACE_SIDE_STYLE('',(#2476));
#2475=SURFACE_SIDE_STYLE('',(#2477));
#2476=SURFACE_STYLE_FILL_AREA(#2478);
#2477=SURFACE_STYLE_FILL_AREA(#2479);
#2478=FILL_AREA_STYLE('Steel - Satin',(#2480));
#2479=FILL_AREA_STYLE('Opaque(255,255,255)',(#2481));
#2480=FILL_AREA_STYLE_COLOUR('Steel - Satin',#2482);
#2481=FILL_AREA_STYLE_COLOUR('Opaque(255,255,255)',#2483);
#2482=COLOUR_RGB('Steel - Satin',0.627450980392157,0.627450980392157,0.627450980392157);
#2483=COLOUR_RGB('Opaque(255,255,255)',1.,1.,1.);
ENDSEC;
END-ISO-10303-21;
